-- MySQL dump 10.13  Distrib 8.0.30, for Win64 (x86_64)
--
-- Host: h1use0ulyws4lqr1.cbetxkdyhwsb.us-east-1.rds.amazonaws.com    Database: ngdj7fdozrsk7qyl
-- ------------------------------------------------------
-- Server version	8.0.28

/*!40101 SET @OLD_CHARACTER_SET_CLIENT=@@CHARACTER_SET_CLIENT */;
/*!40101 SET @OLD_CHARACTER_SET_RESULTS=@@CHARACTER_SET_RESULTS */;
/*!40101 SET @OLD_COLLATION_CONNECTION=@@COLLATION_CONNECTION */;
/*!50503 SET NAMES utf8mb4 */;
/*!40103 SET @OLD_TIME_ZONE=@@TIME_ZONE */;
/*!40103 SET TIME_ZONE='+00:00' */;
/*!40014 SET @OLD_UNIQUE_CHECKS=@@UNIQUE_CHECKS, UNIQUE_CHECKS=0 */;
/*!40014 SET @OLD_FOREIGN_KEY_CHECKS=@@FOREIGN_KEY_CHECKS, FOREIGN_KEY_CHECKS=0 */;
/*!40101 SET @OLD_SQL_MODE=@@SQL_MODE, SQL_MODE='NO_AUTO_VALUE_ON_ZERO' */;
/*!40111 SET @OLD_SQL_NOTES=@@SQL_NOTES, SQL_NOTES=0 */;
SET @MYSQLDUMP_TEMP_LOG_BIN = @@SESSION.SQL_LOG_BIN;
SET @@SESSION.SQL_LOG_BIN= 0;

--
-- GTID state at the beginning of the backup 
--

SET @@GLOBAL.GTID_PURGED=/*!80000 '+'*/ '';

--
-- Table structure for table `diambil`
--

DROP TABLE IF EXISTS `diambil`;
/*!40101 SET @saved_cs_client     = @@character_set_client */;
/*!50503 SET character_set_client = utf8mb4 */;
CREATE TABLE `diambil` (
  `id_orderan` varchar(50) CHARACTER SET utf8mb4 COLLATE utf8mb4_0900_ai_ci NOT NULL,
  `id_driver` varchar(50) CHARACTER SET utf8mb4 COLLATE utf8mb4_0900_ai_ci NOT NULL,
  `plat_kendaraan` varchar(50) CHARACTER SET utf8mb4 COLLATE utf8mb4_0900_ai_ci NOT NULL,
  KEY `diambil_FK` (`id_orderan`),
  KEY `diambil_FK_1` (`id_driver`),
  KEY `diambil_FK_2` (`plat_kendaraan`),
  CONSTRAINT `diambil_FK` FOREIGN KEY (`id_orderan`) REFERENCES `orderan` (`id_orderan`),
  CONSTRAINT `diambil_FK_1` FOREIGN KEY (`id_driver`) REFERENCES `driver` (`id_driver`),
  CONSTRAINT `diambil_FK_2` FOREIGN KEY (`plat_kendaraan`) REFERENCES `kendaraan` (`plat_kendaraan`)
) ENGINE=InnoDB DEFAULT CHARSET=utf8mb4 COLLATE=utf8mb4_0900_ai_ci;
/*!40101 SET character_set_client = @saved_cs_client */;

--
-- Dumping data for table `diambil`
--

LOCK TABLES `diambil` WRITE;
/*!40000 ALTER TABLE `diambil` DISABLE KEYS */;
INSERT INTO `diambil` VALUES ('KBN719','ZV3050','Z6379STC'),('NWA004','DL7736','E6234BLJ'),('GSO511','YY7192','B7762DNJ'),('FWO460','QZ2629','A7003XMU'),('ADL652','YP9098','B6227DQC'),('FOF490','JI0252','T6644ZYZ'),('UZB450','OK8035','A5225OJE'),('FPM791','YQ0894','A7898GDH'),('LEH866','RR1658','T5777UGE'),('SOV653','OC8613','Z7808ICU'),('JHZ901','ZT2386','B7266BCG'),('KWV721','VF8645','E7041WUW'),('RJH951','QV9258','D7736JOS'),('PKB161','IZ1026','A6217JZX'),('YVE542','VC7508','T7096SPB'),('SAJ596','OH5659','A7824TOU'),('LKI304','GU0967','A7663XYX'),('FEN184','QY2672','Z7889LKH'),('QFX054','AO9083','B6781ABI'),('LZQ758','VH1486','A7675GPL'),('OXZ288','LC0101','T7719TPI'),('WSM081','OF2792','A7492CUC'),('SQF785','WV9716','B5234JPB'),('IMD995','SD8860','B7335UQH'),('LAZ778','HY1050','A7904ZEP'),('RLH480','EV9405','A3859DHU'),('YNI547','PJ9293','B6916FXL'),('BOY353','ST9683','B7571TYV'),('YNZ419','JY4515','B6267ACK'),('UYE810','NV8275','B5833BLC'),('FEG859','CU3493','F7674FAY'),('ANL472','BA4701','B5782JRY'),('GMR805','GU1795','F7424KFI'),('TVO741','VN3238','B6378XHY'),('WAT254','MM1151','B7121HQZ'),('OEA714','GP3303','B7888LPM'),('FYE219','BW4362','T6911CMN'),('KMK796','SH7091','B6432LAH'),('MOO466','YA3341','B5366PMU'),('WQB428','VK5292','B4936EWA'),('JBW072','HL6640','B5257PJB'),('VXR678','VJ4031','Z7037ZTC'),('FUW306','AD5318','B7807PTF'),('HFL079','RF8707','B4179QVX'),('TOG662','SW5501','A6298OIC'),('IRF610','UB8850','T6068QWR'),('PJI115','OL9305','A7194BLV'),('DCD919','LB3984','A7998MPQ'),('WIH879','RG1912','B3246RVW'),('RIE520','ZP7855','T5145LRT'),('ZTA367','AK5245','B5360FTQ'),('QKV250','ZO4480','B7655DRW'),('PYK607','SI5333','H6204WHF'),('YCU266','DJ2305','B6211VIW'),('BIL672','QG5033','B7302CTI'),('PJW515','OD3449','B7850ZQK'),('KVT815','JA5877','A3666ZVI'),('PHW712','SS3462','B5369LTV'),('VYP369','YX5639','B7275AIQ'),('TEP762','NF4805','B7604XDH'),('YEK238','TX0567','A7648PYV'),('YEK284','AU9209','A7855IAF'),('PMV099','QO2639','A7825ESE'),('TCR861','RB9158','A7614BTC'),('OGG074','UJ0984','B3269XFU'),('UUJ521','WD8281','A6751PUX'),('UES575','NF3572','B7486PSU'),('PDZ285','BS8849','B5088SFG'),('HEY367','MT2961','A7408ADP'),('DXB711','TF9364','E5479ZSF'),('OLT274','KH1905','B7626EMP'),('FCI288','EE7249','B4132SCH'),('TRP918','WD0872','T7113AZV'),('NAS138','PY8814','B5838YMB'),('KLA223','YK7749','E5627GUP'),('UJF912','NT5044','T5958JBQ'),('OZG783','AA2800','B6599TAZ'),('TXK966','QU5023','Z6434LDC'),('UFX484','ZE4804','B7938IRE'),('IJQ419','KO2096','B7778QKT'),('JPM425','HG1833','Z7042YKO'),('DGP318','WJ5991','B7069EAV'),('LMQ168','WT3251','A6211XXH'),('WVK672','YK3126','B7883ZGG'),('GRM824','RE7687','B6434ZJI'),('HMV046','OI1557','B6387RYH'),('IAF117','HM9487','A6987LFJ'),('HZQ000','ZI8083','B5203JQC'),('ZHO595','XS7832','A5704TIX'),('HLL052','UJ9750','B7278ZZX'),('DOH167','RN3169','B7641XYG'),('YHO595','AD5490','A7722AFM'),('LON046','VZ6379','A5999LTD'),('PUB658','NB4604','Z7685VXQ'),('HEI059','RZ8448','B6994OOY'),('CFW387','ZJ9873','A7412BSX'),('IVG805','IL9577','B5222FHU'),('ICU717','XU2639','B3946QXN'),('TMK350','PM7253','B4284LWL'),('HEY484','VM0415','B7514FOT'),('QEA125','RF6197','B7556CZI'),('AKS095','UO9457','T5051WYU'),('YEL656','YU6542','B7380PDE'),('VPX096','JF8910','B7306JRZ'),('USP361','GX3431','B5329GWF'),('KGG564','OA1265','B7162FPU'),('TZL167','KT3250','Z7741QNI'),('FOQ895','MQ3805','B7224SWA'),('OAS648','JT1834','A7518YYL'),('QNM484','TD9555','B4638WDX'),('EBR298','EB8799','B7849RAH'),('KFQ217','OZ2737','A7160ASN'),('BCQ784','LM6360','B7775BBC'),('WCW324','TX8961','A5496ULU'),('FAL111','MP4477','B7977NHB'),('KEE587','XM1941','B6920HCA'),('BXX487','NI6981','B7419TGZ'),('FVJ091','QQ3414','B7920TFP'),('FZE884','GC0475','B5814VYO'),('VRN441','KO8400','A7852DLF'),('YQB298','QM8210','A7609QVJ'),('JES720','RA6118','B7959DLJ'),('RLC410','RI1589','B6915IGG'),('XRX805','TA8980','H7276MVJ'),('XHA962','RM0295','T7299VCK'),('MIA354','KB1172','B7529ACV'),('CBM588','ZG0902','A7412HTK'),('BKL866','AR9126','B7497XWD'),('BOE210','CI3219','A6689ECD'),('UCW259','CM8260','B7887UOK'),('ICL647','EL4881','T6183WVZ'),('OPX580','IU6901','B6314QAS'),('AQS628','OG5468','B5085OMS'),('KYP164','BZ4074','B7273EJF'),('FOK536','HB1215','B6519JTB'),('LGH867','JX5464','F3086EPO'),('ZXH922','ST6826','T3668WQM'),('FBZ864','MU5846','B3157VRI'),('PEZ079','PV8031','B7975PBA'),('KTG588','GJ8704','B5269QVU'),('KLD312','LT0739','T5712AVB'),('XQT627','CC4169','B7932RGV'),('CQF387','YI9540','Z6229AIZ'),('NOX525','CX3306','F5850YLM'),('DBF497','SW7391','A6830HVQ'),('VRX739','QG1210','B7401VXT'),('YRB438','RT0983','B6968SOV'),('PYK846','UE5641','B7952VGX'),('ZFN112','AP4369','T6540EJP'),('KDN432','SD4854','B7944JTA'),('YEX329','ZV3050','Z6379STC'),('XJZ284','DL7736','E6234BLJ'),('FUK925','YY7192','B7762DNJ'),('YWR849','QZ2629','A7003XMU'),('XKO359','YP9098','B6227DQC'),('UKC286','JI0252','T6644ZYZ'),('UPU049','OK8035','A5225OJE'),('SGA815','YQ0894','A7898GDH'),('RSO744','RR1658','T5777UGE'),('TZN791','OC8613','Z7808ICU'),('ZIL505','ZT2386','B7266BCG'),('HFM192','VF8645','E7041WUW'),('GTF351','QV9258','D7736JOS'),('HSD344','IZ1026','A6217JZX'),('DOF993','VC7508','T7096SPB'),('LEG748','OH5659','A7824TOU'),('KPZ642','GU0967','A7663XYX'),('EAR877','QY2672','Z7889LKH'),('JTN670','AO9083','B6781ABI'),('RAN813','VH1486','A7675GPL'),('JZJ196','LC0101','T7719TPI'),('RKE376','OF2792','A7492CUC'),('DJN568','WV9716','B5234JPB'),('ZCD375','SD8860','B7335UQH'),('JLJ493','HY1050','A7904ZEP'),('UVC463','EV9405','A3859DHU'),('BSB691','PJ9293','B6916FXL'),('XPC861','ST9683','B7571TYV'),('MAX205','JY4515','B6267ACK'),('ZUF970','NV8275','B5833BLC'),('ONU578','CU3493','F7674FAY'),('WFA323','BA4701','B5782JRY'),('WXB639','GU1795','F7424KFI'),('IDO917','VN3238','B6378XHY'),('QUO943','MM1151','B7121HQZ'),('YGI994','GP3303','B7888LPM'),('AUP616','BW4362','T6911CMN'),('XBD195','SH7091','B6432LAH'),('LUH837','YA3341','B5366PMU'),('HXA076','VK5292','B4936EWA'),('MHQ353','HL6640','B5257PJB'),('OHD920','VJ4031','Z7037ZTC'),('NWA449','AD5318','B7807PTF'),('ZTI166','RF8707','B4179QVX'),('CPW553','SW5501','A6298OIC'),('OTR028','UB8850','T6068QWR'),('OMW723','OL9305','A7194BLV'),('CPO254','LB3984','A7998MPQ'),('AMF690','RG1912','B3246RVW'),('IDW182','ZP7855','T5145LRT'),('FYK953','AK5245','B5360FTQ'),('IHA294','ZO4480','B7655DRW'),('HWM104','SI5333','H6204WHF'),('GKW750','DJ2305','B6211VIW'),('CIT496','QG5033','B7302CTI'),('MDX097','OD3449','B7850ZQK'),('LUP578','JA5877','A3666ZVI'),('ZKM153','SS3462','B5369LTV'),('MGB047','YX5639','B7275AIQ'),('KQH661','NF4805','B7604XDH'),('QDH599','TX0567','A7648PYV'),('YIM130','AU9209','A7855IAF'),('DSA314','QO2639','A7825ESE'),('OSF358','RB9158','A7614BTC'),('WHF706','UJ0984','B3269XFU'),('JND735','WD8281','A6751PUX'),('IRT616','NF3572','B7486PSU'),('MTN610','BS8849','B5088SFG'),('CPJ830','MT2961','A7408ADP'),('DVF613','TF9364','E5479ZSF'),('LXV699','KH1905','B7626EMP'),('NQS112','EE7249','B4132SCH'),('TUS853','WD0872','T7113AZV'),('OIW400','PY8814','B5838YMB'),('INH609','YK7749','E5627GUP'),('FSD035','NT5044','T5958JBQ'),('VMV674','AA2800','B6599TAZ'),('JFA148','QU5023','Z6434LDC'),('PDR854','ZE4804','B7938IRE'),('UXG971','KO2096','B7778QKT'),('LZH216','HG1833','Z7042YKO'),('DSS807','WJ5991','B7069EAV'),('GJF912','WT3251','A6211XXH'),('SHP340','YK3126','B7883ZGG'),('FWW335','RE7687','B6434ZJI'),('GRO291','OI1557','B6387RYH'),('NIS668','HM9487','A6987LFJ'),('FKP798','ZI8083','B5203JQC'),('IBE171','XS7832','A5704TIX'),('MJW657','UJ9750','B7278ZZX'),('RWZ577','RN3169','B7641XYG'),('WLN040','AD5490','A7722AFM'),('GFP035','VZ6379','A5999LTD'),('THG892','NB4604','Z7685VXQ'),('RGI935','RZ8448','B6994OOY'),('ANX309','ZJ9873','A7412BSX'),('ZFR756','IL9577','B5222FHU'),('HTA289','XU2639','B3946QXN'),('EJM560','PM7253','B4284LWL'),('UFU505','VM0415','B7514FOT'),('GML692','RF6197','B7556CZI'),('TWK448','UO9457','T5051WYU'),('SBE670','YU6542','B7380PDE'),('DMH797','JF8910','B7306JRZ'),('UMQ023','GX3431','B5329GWF'),('CQT098','OA1265','B7162FPU'),('YMP317','KT3250','Z7741QNI'),('UIJ184','MQ3805','B7224SWA'),('LFG843','JT1834','A7518YYL'),('SLN889','TD9555','B4638WDX'),('UJR371','EB8799','B7849RAH'),('RFV065','OZ2737','A7160ASN'),('NCN424','LM6360','B7775BBC'),('TQW457','TX8961','A5496ULU'),('LRO439','MP4477','B7977NHB'),('LDJ186','XM1941','B6920HCA'),('QUC771','NI6981','B7419TGZ'),('CFS045','QQ3414','B7920TFP'),('XRQ010','GC0475','B5814VYO'),('XCU053','KO8400','A7852DLF'),('LYA593','QM8210','A7609QVJ'),('CWE376','RA6118','B7959DLJ'),('KXW014','RI1589','B6915IGG'),('JVU053','TA8980','H7276MVJ'),('SVU353','RM0295','T7299VCK'),('EMC979','KB1172','B7529ACV'),('XTA382','ZG0902','A7412HTK'),('BZX098','AR9126','B7497XWD'),('VEK102','CI3219','A6689ECD'),('XAJ187','CM8260','B7887UOK'),('HXH178','EL4881','T6183WVZ'),('AVC383','IU6901','B6314QAS'),('BXA826','OG5468','B5085OMS'),('MRR222','BZ4074','B7273EJF'),('JDD347','HB1215','B6519JTB'),('HFV066','JX5464','F3086EPO'),('ZUJ815','ST6826','T3668WQM'),('OMN689','MU5846','B3157VRI'),('RDD823','PV8031','B7975PBA'),('LCX725','GJ8704','B5269QVU'),('PBP747','LT0739','T5712AVB'),('LXY141','CC4169','B7932RGV'),('RSJ806','YI9540','Z6229AIZ'),('TBP352','CX3306','F5850YLM'),('NXP967','SW7391','A6830HVQ'),('MKT050','QG1210','B7401VXT'),('RKZ257','RT0983','B6968SOV'),('OES817','UE5641','B7952VGX'),('ILF850','AP4369','T6540EJP'),('YRW409','SD4854','B7944JTA'),('UFB045','ZV3050','Z6379STC'),('RUR568','DL7736','E6234BLJ'),('ZPB811','YY7192','B7762DNJ'),('ZNH325','QZ2629','A7003XMU'),('NLD812','YP9098','B6227DQC'),('HXS410','JI0252','T6644ZYZ'),('SSP447','OK8035','A5225OJE'),('TUR657','YQ0894','A7898GDH'),('QQL853','RR1658','T5777UGE'),('CLV087','OC8613','Z7808ICU'),('GLQ661','ZT2386','B7266BCG'),('QAC801','VF8645','E7041WUW'),('ROH316','QV9258','D7736JOS'),('DRF320','IZ1026','A6217JZX'),('WRS798','VC7508','T7096SPB'),('ZCF753','OH5659','A7824TOU'),('EDB146','GU0967','A7663XYX'),('YVX629','QY2672','Z7889LKH'),('BGK093','AO9083','B6781ABI'),('ODN744','VH1486','A7675GPL'),('BUY856','LC0101','T7719TPI'),('LQX115','OF2792','A7492CUC'),('MFG189','WV9716','B5234JPB'),('GFG360','SD8860','B7335UQH'),('FGC740','HY1050','A7904ZEP'),('DFL659','EV9405','A3859DHU'),('POZ600','PJ9293','B6916FXL'),('JVE352','ST9683','B7571TYV'),('ZJX178','JY4515','B6267ACK'),('SGY258','NV8275','B5833BLC'),('WRC946','CU3493','F7674FAY'),('LDI560','BA4701','B5782JRY'),('ABF571','GU1795','F7424KFI'),('WMD310','VN3238','B6378XHY'),('DQA831','MM1151','B7121HQZ'),('YBB816','GP3303','B7888LPM'),('BKN080','BW4362','T6911CMN'),('XQJ305','SH7091','B6432LAH'),('OEY521','YA3341','B5366PMU'),('TFL357','VK5292','B4936EWA'),('IXG951','HL6640','B5257PJB'),('XTP735','VJ4031','Z7037ZTC'),('BGD703','AD5318','B7807PTF'),('CLN352','RF8707','B4179QVX'),('PHP466','SW5501','A6298OIC'),('VCS913','UB8850','T6068QWR'),('LZS606','OL9305','A7194BLV'),('IRR666','LB3984','A7998MPQ'),('WNY085','RG1912','B3246RVW'),('ZCN100','ZP7855','T5145LRT'),('BPZ014','AK5245','B5360FTQ'),('AOM414','ZO4480','B7655DRW'),('ZHE257','SI5333','H6204WHF'),('VPL790','DJ2305','B6211VIW'),('YJN060','QG5033','B7302CTI'),('IXJ854','OD3449','B7850ZQK'),('DVQ119','JA5877','A3666ZVI'),('TYQ924','SS3462','B5369LTV'),('VTJ459','YX5639','B7275AIQ'),('NOB651','NF4805','B7604XDH'),('YSM000','TX0567','A7648PYV'),('IFB985','AU9209','A7855IAF'),('DXC550','QO2639','A7825ESE'),('VCS614','RB9158','A7614BTC'),('MII063','UJ0984','B3269XFU'),('KPY609','WD8281','A6751PUX'),('OAI813','NF3572','B7486PSU'),('DCB743','BS8849','B5088SFG'),('WIJ926','MT2961','A7408ADP'),('MAK489','TF9364','E5479ZSF'),('FAG026','KH1905','B7626EMP'),('XDH930','EE7249','B4132SCH'),('DTF152','WD0872','T7113AZV'),('XQT766','PY8814','B5838YMB'),('XVL068','YK7749','E5627GUP'),('IDE590','NT5044','T5958JBQ'),('XXT169','AA2800','B6599TAZ'),('STC419','QU5023','Z6434LDC'),('QKW245','ZE4804','B7938IRE'),('AAW271','KO2096','B7778QKT'),('XBB135','HG1833','Z7042YKO'),('SRK148','WJ5991','B7069EAV'),('GDR688','WT3251','A6211XXH'),('ILY240','YK3126','B7883ZGG'),('XGC827','RE7687','B6434ZJI'),('FQM554','OI1557','B6387RYH'),('OGQ315','HM9487','A6987LFJ'),('ZLY593','ZI8083','B5203JQC'),('AIM473','XS7832','A5704TIX'),('JZV021','UJ9750','B7278ZZX'),('EWP260','RN3169','B7641XYG'),('CUK008','AD5490','A7722AFM'),('SND884','VZ6379','A5999LTD'),('ZLT001','NB4604','Z7685VXQ'),('ZRN130','RZ8448','B6994OOY'),('OVN688','ZJ9873','A7412BSX'),('QSQ266','IL9577','B5222FHU'),('PMV309','XU2639','B3946QXN'),('EHB271','PM7253','B4284LWL'),('CBU561','VM0415','B7514FOT'),('IWF173','RF6197','B7556CZI'),('JDT261','UO9457','T5051WYU'),('NEG707','YU6542','B7380PDE'),('CRJ713','JF8910','B7306JRZ'),('HYZ545','GX3431','B5329GWF'),('HJV361','OA1265','B7162FPU'),('PEU349','KT3250','Z7741QNI'),('OOW335','MQ3805','B7224SWA'),('DNH669','JT1834','A7518YYL'),('EHJ651','TD9555','B4638WDX'),('XIS085','EB8799','B7849RAH'),('TZK784','OZ2737','A7160ASN'),('FMI886','LM6360','B7775BBC'),('KIK323','TX8961','A5496ULU'),('TCL452','MP4477','B7977NHB'),('LPN026','XM1941','B6920HCA'),('ZWL150','NI6981','B7419TGZ'),('ALA030','QQ3414','B7920TFP'),('DEX404','GC0475','B5814VYO'),('NMJ559','KO8400','A7852DLF'),('RTX840','QM8210','A7609QVJ'),('QSJ921','RA6118','B7959DLJ'),('RKO489','RI1589','B6915IGG'),('GXK797','TA8980','H7276MVJ'),('SDD681','RM0295','T7299VCK'),('BGP778','KB1172','B7529ACV'),('WFE304','ZG0902','A7412HTK'),('OOA432','AR9126','B7497XWD'),('IEG087','CI3219','A6689ECD'),('MRP215','CM8260','B7887UOK'),('FUV392','EL4881','T6183WVZ'),('IQU419','IU6901','B6314QAS'),('BRP751','OG5468','B5085OMS'),('ZDC575','BZ4074','B7273EJF'),('YMH384','HB1215','B6519JTB'),('BLJ327','JX5464','F3086EPO'),('LCA998','ST6826','T3668WQM'),('CHW439','MU5846','B3157VRI'),('YZE661','PV8031','B7975PBA'),('TOM844','GJ8704','B5269QVU'),('DUM962','LT0739','T5712AVB'),('MGS115','CC4169','B7932RGV'),('NWO688','YI9540','Z6229AIZ'),('KYH623','CX3306','F5850YLM'),('EKF177','SW7391','A6830HVQ'),('SYY830','QG1210','B7401VXT'),('UHW557','RT0983','B6968SOV'),('BET426','UE5641','B7952VGX'),('DCN047','AP4369','T6540EJP'),('INW402','SD4854','B7944JTA'),('EHT502','ZV3050','Z6379STC'),('CYI390','DL7736','E6234BLJ'),('UCC010','YY7192','B7762DNJ'),('GMH749','QZ2629','A7003XMU'),('NUS242','YP9098','B6227DQC'),('XCI612','JI0252','T6644ZYZ'),('JTF916','OK8035','A5225OJE'),('BTT382','YQ0894','A7898GDH'),('ALK321','RR1658','T5777UGE'),('PJN820','OC8613','Z7808ICU'),('EFA101','ZT2386','B7266BCG'),('LRK483','VF8645','E7041WUW'),('ZDY241','QV9258','D7736JOS'),('PFO315','IZ1026','A6217JZX'),('SGR775','VC7508','T7096SPB'),('AMS318','OH5659','A7824TOU'),('AJE592','GU0967','A7663XYX'),('DBS618','QY2672','Z7889LKH'),('AUV131','AO9083','B6781ABI'),('EHD344','VH1486','A7675GPL'),('XTG390','LC0101','T7719TPI'),('UWB710','OF2792','A7492CUC'),('OSR917','WV9716','B5234JPB'),('NTR707','SD8860','B7335UQH'),('NMN418','HY1050','A7904ZEP'),('SFI380','EV9405','A3859DHU'),('RTZ396','PJ9293','B6916FXL'),('GCZ461','ST9683','B7571TYV'),('MEY600','JY4515','B6267ACK'),('DOR906','NV8275','B5833BLC'),('QGN265','CU3493','F7674FAY'),('SOH439','BA4701','B5782JRY'),('XBK672','GU1795','F7424KFI'),('HFV657','VN3238','B6378XHY'),('TZR856','MM1151','B7121HQZ'),('MNG279','GP3303','B7888LPM'),('PZG426','BW4362','T6911CMN'),('IAZ213','SH7091','B6432LAH'),('DGA145','YA3341','B5366PMU'),('HCY760','VK5292','B4936EWA'),('SUK364','HL6640','B5257PJB'),('PQS190','VJ4031','Z7037ZTC'),('TVG647','AD5318','B7807PTF'),('JGT132','RF8707','B4179QVX'),('FHZ213','SW5501','A6298OIC'),('WTO119','UB8850','T6068QWR'),('NVJ931','OL9305','A7194BLV'),('OWF812','LB3984','A7998MPQ'),('SUI506','RG1912','B3246RVW'),('KIU087','ZP7855','T5145LRT');
/*!40000 ALTER TABLE `diambil` ENABLE KEYS */;
UNLOCK TABLES;

--
-- Table structure for table `driver`
--

DROP TABLE IF EXISTS `driver`;
/*!40101 SET @saved_cs_client     = @@character_set_client */;
/*!50503 SET character_set_client = utf8mb4 */;
CREATE TABLE `driver` (
  `id_driver` varchar(50) NOT NULL,
  `nama_driver` varchar(50) CHARACTER SET utf8mb4 COLLATE utf8mb4_0900_ai_ci NOT NULL,
  `no_telp_driver` varchar(25) CHARACTER SET utf8mb4 COLLATE utf8mb4_0900_ai_ci NOT NULL,
  `foto_diri` varchar(128) CHARACTER SET utf8mb4 COLLATE utf8mb4_0900_ai_ci NOT NULL,
  `saldo_driver` int NOT NULL,
  PRIMARY KEY (`id_driver`)
) ENGINE=InnoDB DEFAULT CHARSET=utf8mb4 COLLATE=utf8mb4_0900_ai_ci;
/*!40101 SET character_set_client = @saved_cs_client */;

--
-- Dumping data for table `driver`
--

LOCK TABLES `driver` WRITE;
/*!40000 ALTER TABLE `driver` DISABLE KEYS */;
INSERT INTO `driver` VALUES ('AA2800','Ingunna Gurg','+6287449717364','https://robohash.org/harumculpamollitia.png?size=50x50&set=set1',718136),('AD5318','Langsdon Vautier','+6289601559225','https://robohash.org/corruptiminusvoluptatem.png?size=50x50&set=set1',409682),('AD5490','Drucill Harce','+6289254975877','https://robohash.org/cupiditateaspernaturalias.png?size=50x50&set=set1',190909),('AK5245','Allan Frosch','+6287708658675','https://robohash.org/quorecusandaequia.png?size=50x50&set=set1',669429),('AO9083','Cristy Awty','+6289683252050','https://robohash.org/facereeumest.png?size=50x50&set=set1',88912),('AP4369','Patrice Tong','+6289162580503','https://robohash.org/eiusquiatempora.png?size=50x50&set=set1',712413),('AR9126','Ronald Dowson','+6288297587536','https://robohash.org/veniamautemdolore.png?size=50x50&set=set1',92623),('AU9209','Dorry Henric','+6288150084819','https://robohash.org/voluptatibuseumodit.png?size=50x50&set=set1',126176),('BA4701','Naomi Chaim','+6289639560225','https://robohash.org/accusamusdolorautem.png?size=50x50&set=set1',935323),('BS8849','Gerrie Burry','+6288854992433','https://robohash.org/utidpraesentium.png?size=50x50&set=set1',284105),('BW4362','Lyle Beszant','+6288829641275','https://robohash.org/pariaturquiseligendi.png?size=50x50&set=set1',345953),('BZ4074','Leslie Gilleon','+6288815460319','https://robohash.org/quidemassumendaa.png?size=50x50&set=set1',823466),('CC4169','Doyle Diboll','+6289405087280','https://robohash.org/reiciendisautducimus.png?size=50x50&set=set1',13977),('CI3219','Robb Satcher','+6289290969006','https://robohash.org/etoditest.png?size=50x50&set=set1',661740),('CM8260','Jens Cunnington','+6288877357724','https://robohash.org/suntconsecteturtotam.png?size=50x50&set=set1',41641),('CU3493','Ari Gilmour','+6288510306121','https://robohash.org/ipsamcumqueducimus.png?size=50x50&set=set1',628565),('CX3306','Neysa Courtier','+6288287017309','https://robohash.org/molestiaequiainventore.png?size=50x50&set=set1',228497),('DJ2305','Hermine Montgomery','+6289309863045','https://robohash.org/occaecatisitunde.png?size=50x50&set=set1',969820),('DL7736','Urson Tabord','+6288780294279','https://robohash.org/asperioresetsaepe.png?size=50x50&set=set1',392736),('EB8799','Gaven Penvarden','+6289275755075','https://robohash.org/odioutmolestias.png?size=50x50&set=set1',309233),('EE7249','Garv Abbs','+6289135705530','https://robohash.org/accusamusetodit.png?size=50x50&set=set1',587404),('EL4881','Glen Eicheler','+6283506207414','https://robohash.org/quasoccaecaticonsequatur.png?size=50x50&set=set1',705198),('EV9405','Russ Lockley','+6289764401143','https://robohash.org/blanditiistemporapossimus.png?size=50x50&set=set1',589212),('GC0475','Zechariah Ebhardt','+6288237765655','https://robohash.org/estetdebitis.png?size=50x50&set=set1',455382),('GJ8704','Ariella Ings','+6289813328143','https://robohash.org/nullaveleum.png?size=50x50&set=set1',713137),('GP3303','Feliza Undrell','+6289314474845','https://robohash.org/utenimearum.png?size=50x50&set=set1',964002),('GU0967','Jonell Wieprecht','+6282798873582','https://robohash.org/eosvoluptatedolores.png?size=50x50&set=set1',346671),('GU1795','Pansy Jump','+6289223016582','https://robohash.org/doloremmolestiasexplicabo.png?size=50x50&set=set1',359855),('GX3431','Bordy Foystone','+6289747052582','https://robohash.org/iustorationererum.png?size=50x50&set=set1',912166),('HB1215','Riki Blaxlande','+6285909673647','https://robohash.org/dignissimosaccusantiumsunt.png?size=50x50&set=set1',618480),('HG1833','Celestyna Mayman','+6287817605016','https://robohash.org/voluptatibusomnisipsam.png?size=50x50&set=set1',843124),('HL6640','Daisie Pipes','+6289446753388','https://robohash.org/voluptatumquoearum.png?size=50x50&set=set1',115319),('HM9487','Artemus Sneddon','+6288464878930','https://robohash.org/voluptatemquisitaque.png?size=50x50&set=set1',51353),('HY1050','Rochester Gatesman','+6289360899021','https://robohash.org/quaevoluptateseos.png?size=50x50&set=set1',469778),('IL9577','Cinda Draxford','+6289246709432','https://robohash.org/ipsumconsequaturautem.png?size=50x50&set=set1',429156),('IU6901','Janet Pensom','+6289157178893','https://robohash.org/eumeligendimagni.png?size=50x50&set=set1',180618),('IZ1026','Saraann Croker','+6289357356562','https://robohash.org/ducimusetcorporis.png?size=50x50&set=set1',160697),('JA5877','Jacinthe Cobelli','+6287793814478','https://robohash.org/utautvel.png?size=50x50&set=set1',236034),('JF8910','Kelley Sabbatier','+6287653845297','https://robohash.org/etconsequaturquia.png?size=50x50&set=set1',960038),('JI0252','Tommy Pettko','+6288134235999','https://robohash.org/rerumesttempore.png?size=50x50&set=set1',590799),('JT1834','Cull Momery','+6288821900221','https://robohash.org/eaquerepellendusquibusdam.png?size=50x50&set=set1',67428),('JX5464','Torrin Basindale','+6289021175081','https://robohash.org/earumdeleniticonsequatur.png?size=50x50&set=set1',157035),('JY4515','Charmane Burdekin','+6289947045509','https://robohash.org/rerumautnulla.png?size=50x50&set=set1',859035),('KB1172','Katine Ballintyne','+6289369846543','https://robohash.org/minusperferendisut.png?size=50x50&set=set1',700448),('KH1905','Thebault Handrok','+6289578087943','https://robohash.org/accusamusesteaque.png?size=50x50&set=set1',912750),('KO2096','Rhys Sabatier','+6289661003527','https://robohash.org/eosverodolorem.png?size=50x50&set=set1',98584),('KO8400','Silas Meneyer','+6288862820738','https://robohash.org/quisaliquamnihil.png?size=50x50&set=set1',444804),('KT3250','Gus Albrecht','+6289490632281','https://robohash.org/doloremomnisnecessitatibus.png?size=50x50&set=set1',337763),('LB3984','Caroljean Cranefield','+6289637490099','https://robohash.org/autenimnumquam.png?size=50x50&set=set1',613845),('LC0101','Annie Lorek','+6289255887975','https://robohash.org/isteveldeserunt.png?size=50x50&set=set1',1379),('LM6360','Melamie Vaudrey','+6287159865479','https://robohash.org/voluptatemporrosequi.png?size=50x50&set=set1',116912),('LT0739','Ilaire Illing','+6289002643423','https://robohash.org/ipsamconsequaturaut.png?size=50x50&set=set1',785368),('MM1151','Franny Vaisey','+6287022514648','https://robohash.org/accusamusaccusantiumexercitationem.png?size=50x50&set=set1',480933),('MP4477','Husein Bebbington','+6289116603072','https://robohash.org/cumeumautem.png?size=50x50&set=set1',57235),('MQ3805','Annemarie Shuttle','+6288002825091','https://robohash.org/ullammaiorestotam.png?size=50x50&set=set1',310324),('MT2961','Jemmy Tumulty','+6288284380591','https://robohash.org/vitaeprovidentrepudiandae.png?size=50x50&set=set1',266227),('MU5846','Konstantine Buckerfield','+6289127347887','https://robohash.org/laboreodioreiciendis.png?size=50x50&set=set1',532445),('NB4604','Bennie Roe','+6289259133483','https://robohash.org/quasipsavel.png?size=50x50&set=set1',414619),('NF3572','Ursa Ringsell','+6281375430623','https://robohash.org/autfacilisvoluptatem.png?size=50x50&set=set1',739363),('NF4805','Link Landre','+6288822168240','https://robohash.org/sedesseautem.png?size=50x50&set=set1',181451),('NI6981','Stanford Ricciardi','+6288067910279','https://robohash.org/veritatisexpeditanon.png?size=50x50&set=set1',447616),('NT5044','Lek Chennells','+6287650830057','https://robohash.org/veroaccusamusalias.png?size=50x50&set=set1',624564),('NV8275','Clara Clougher','+6289548262030','https://robohash.org/nostrumdistinctioperspiciatis.png?size=50x50&set=set1',525266),('OA1265','Torr Newtown','+6288686442126','https://robohash.org/consequunturetaut.png?size=50x50&set=set1',323153),('OC8613','Ray Farrears','+6289353822785','https://robohash.org/sitdolorumquia.png?size=50x50&set=set1',285559),('OD3449','Hart Brane','+6289553134710','https://robohash.org/occaecatialiasdoloremque.png?size=50x50&set=set1',100652),('OF2792','Evyn Milkeham','+6287521888745','https://robohash.org/quieligendiaspernatur.png?size=50x50&set=set1',613),('OG5468','Dillon Bearfoot','+6288282993655','https://robohash.org/etfacilistempora.png?size=50x50&set=set1',97666),('OH5659','Gaspar Swindall','+6288824004327','https://robohash.org/autlaborumsimilique.png?size=50x50&set=set1',704289),('OI1557','Pauly Poizer','+6287310044756','https://robohash.org/temporeexercitationemet.png?size=50x50&set=set1',43543),('OK8035','Jock Kilroy','+6289132869304','https://robohash.org/totamrecusandaeea.png?size=50x50&set=set1',452961),('OL9305','Kamilah Olivia','+6282714357976','https://robohash.org/aliasdelenitinihil.png?size=50x50&set=set1',855361),('OZ2737','Iseabal Sparshutt','+6288863590570','https://robohash.org/explicaboinanimi.png?size=50x50&set=set1',480782),('PJ9293','Hana Arnowicz','+6289491925955','https://robohash.org/estquisquamvoluptatibus.png?size=50x50&set=set1',371784),('PM7253','Elston Wooderson','+6287078230259','https://robohash.org/voluptasomniset.png?size=50x50&set=set1',977816),('PV8031','Alysa Cellier','+6289004289751','https://robohash.org/idpraesentiumquae.png?size=50x50&set=set1',313265),('PY8814','Beverley Berkely','+6287458249752','https://robohash.org/sinteaqueadipisci.png?size=50x50&set=set1',361173),('QG1210','Payton Bailiss','+6289408804291','https://robohash.org/repellendusetmolestiae.png?size=50x50&set=set1',589411),('QG5033','Jarred Dulton','+6289789825631','https://robohash.org/dignissimosteneturrecusandae.png?size=50x50&set=set1',309820),('QM8210','Nealson Oloshin','+6288014179595','https://robohash.org/suntnonrecusandae.png?size=50x50&set=set1',294464),('QO2639','Maurizia Lube','+6288695041843','https://robohash.org/voluptatumrerumat.png?size=50x50&set=set1',512037),('QQ3414','Kristos Debenham','+6287928249115','https://robohash.org/omnisautdolor.png?size=50x50&set=set1',608193),('QU5023','Jeannie Tomaskov','+6288733132853','https://robohash.org/quisimiliqueipsum.png?size=50x50&set=set1',913710),('QV9258','Shanie Deegin','+6288622932565','https://robohash.org/atinquo.png?size=50x50&set=set1',767823),('QY2672','Reidar Wittke','+6289684822997','https://robohash.org/laborumitaquemagni.png?size=50x50&set=set1',838118),('QZ2629','Monro Dartnell','+6287099670150','https://robohash.org/nequenemodolor.png?size=50x50&set=set1',451971),('RA6118','Carling Brok','+6289275471187','https://robohash.org/rerumimpeditsimilique.png?size=50x50&set=set1',587692),('RB9158','Aigneis Kastel','+6285837354318','https://robohash.org/saepequiadolores.png?size=50x50&set=set1',790493),('RE7687','Roxane Stride','+6289700369396','https://robohash.org/doloresquinulla.png?size=50x50&set=set1',967189),('RF6197','Matthus Hillyatt','+6289186169630','https://robohash.org/hicautnisi.png?size=50x50&set=set1',818405),('RF8707','Kassia Beringer','+6283985062288','https://robohash.org/quoprovidentveritatis.png?size=50x50&set=set1',15829),('RG1912','Darrin Lord','+6289025929818','https://robohash.org/fugiatrecusandaeomnis.png?size=50x50&set=set1',294964),('RI1589','Fletcher Dedham','+6289904033389','https://robohash.org/quasiminustempore.png?size=50x50&set=set1',443264),('RM0295','Radcliffe Defries','+6287914576213','https://robohash.org/voluptatesquisprovident.png?size=50x50&set=set1',146153),('RN3169','Cary Collough','+6289639574442','https://robohash.org/liberosedneque.png?size=50x50&set=set1',927860),('RR1658','Paxton Runnett','+6289012426514','https://robohash.org/doloresanimiaccusantium.png?size=50x50&set=set1',56410),('RT0983','Alano Budik','+6288438032483','https://robohash.org/autmolestiasnumquam.png?size=50x50&set=set1',679077),('RZ8448','Josiah Andrusyak','+6289980115003','https://robohash.org/dignissimosestvoluptates.png?size=50x50&set=set1',571715),('SD4854','Gleda Crackel','+6289546548011','https://robohash.org/voluptasnisiet.png?size=50x50&set=set1',314611),('SD8860','Aprilette Thowless','+6289419214634','https://robohash.org/ullamplaceatnon.png?size=50x50&set=set1',637895),('SH7091','Baillie Bithany','+6288802396380','https://robohash.org/quiaremsit.png?size=50x50&set=set1',325065),('SI5333','Kyrstin Saturley','+6289515971004','https://robohash.org/quidoloribusenim.png?size=50x50&set=set1',891361),('SS3462','Blithe Autie','+6289267225369','https://robohash.org/natusrecusandaerepudiandae.png?size=50x50&set=set1',413510),('ST6826','Conrado Sackey','+6289662869202','https://robohash.org/temporeeaaccusantium.png?size=50x50&set=set1',934875),('ST9683','Massimiliano Caney','+6283664304133','https://robohash.org/voluptatemsuscipitqui.png?size=50x50&set=set1',263985),('SW5501','Isahella Westmarland','+6289081383204','https://robohash.org/voluptasremtenetur.png?size=50x50&set=set1',507555),('SW7391','Trip Foulgham','+6289028366387','https://robohash.org/quosevenietasperiores.png?size=50x50&set=set1',365821),('TA8980','Estele Pennino','+6282988586320','https://robohash.org/voluptatemeasoluta.png?size=50x50&set=set1',634346),('TD9555','Erminie Dullard','+6289881440569','https://robohash.org/nihilnonsapiente.png?size=50x50&set=set1',263424),('TF9364','Rayna Dudill','+6289364882458','https://robohash.org/nonconsequaturpraesentium.png?size=50x50&set=set1',30238),('TX0567','Gus Brindle','+6289036485274','https://robohash.org/utsapientenihil.png?size=50x50&set=set1',891594),('TX8961','Ki Libby','+6287913490152','https://robohash.org/voluptasquisquamconsectetur.png?size=50x50&set=set1',320579),('UB8850','Maure Bryde','+6289704462599','https://robohash.org/uteteos.png?size=50x50&set=set1',351703),('UE5641','Grier Heyward','+6285522772255','https://robohash.org/delectusnoneos.png?size=50x50&set=set1',828724),('UJ0984','Guinna Riglar','+6289757544298','https://robohash.org/delenitieiusdolorem.png?size=50x50&set=set1',849178),('UJ9750','Howard Roust','+6289318699079','https://robohash.org/quiseaaccusantium.png?size=50x50&set=set1',351646),('UO9457','Tucker Nulty','+6283396159484','https://robohash.org/voluptatibusautsit.png?size=50x50&set=set1',117267),('VC7508','Sonnie Giacubbo','+6283218513023','https://robohash.org/voluptatesaiste.png?size=50x50&set=set1',62809),('VF8645','Kelcy Bunclark','+6289509893344','https://robohash.org/etquisquamet.png?size=50x50&set=set1',867572),('VH1486','Katlin Jotham','+6287085887350','https://robohash.org/ametdictadolorem.png?size=50x50&set=set1',211957),('VJ4031','Ikey Dawidowitz','+6288463557918','https://robohash.org/nihilfacerevero.png?size=50x50&set=set1',379411),('VK5292','Mirabelle Davidovicz','+6289984062420','https://robohash.org/quampraesentiummagnam.png?size=50x50&set=set1',910115),('VM0415','Marjy Sharple','+6288411025492','https://robohash.org/cumfugavoluptatem.png?size=50x50&set=set1',931735),('VN3238','Carlina Shilston','+6289240958450','https://robohash.org/repellendusquiaipsa.png?size=50x50&set=set1',135191),('VZ6379','Milty Beedon','+6288151009034','https://robohash.org/quooptiodeleniti.png?size=50x50&set=set1',388637),('WD0872','Brandice Pinkerton','+6289516559241','https://robohash.org/nostrumetpariatur.png?size=50x50&set=set1',665500),('WD8281','Early Outerbridge','+6289977951692','https://robohash.org/suntdolorumexpedita.png?size=50x50&set=set1',657739),('WJ5991','Cory Riggulsford','+6289845067315','https://robohash.org/etaccusamusrecusandae.png?size=50x50&set=set1',190682),('WT3251','Maible Shilito','+6287238564207','https://robohash.org/sitinciduntaut.png?size=50x50&set=set1',877056),('WV9716','Francyne Leney','+6288296754334','https://robohash.org/nullasednatus.png?size=50x50&set=set1',434621),('XM1941','Franky Knewstub','+6289797091029','https://robohash.org/architectodeseruntipsam.png?size=50x50&set=set1',473067),('XS7832','Maddie Eim','+6289306449866','https://robohash.org/voluptatemnihilinventore.png?size=50x50&set=set1',1575),('XU2639','Perl Besque','+6289293767673','https://robohash.org/utanimiiste.png?size=50x50&set=set1',632069),('YA3341','Mina McCroft','+6288930764174','https://robohash.org/atqueveritatismagni.png?size=50x50&set=set1',575994),('YI9540','Adelaide Vearncomb','+6289946077747','https://robohash.org/cumquenamporro.png?size=50x50&set=set1',897240),('YK3126','Riva Ridgewell','+6289764459601','https://robohash.org/idexpeditaminus.png?size=50x50&set=set1',417460),('YK7749','Mortie Challens','+6288361543637','https://robohash.org/maximequaea.png?size=50x50&set=set1',340510),('YP9098','Byrann Barens','+6289853982809','https://robohash.org/beataeautsit.png?size=50x50&set=set1',742003),('YQ0894','Lira Henworth','+6289388868392','https://robohash.org/maioresarchitectoasperiores.png?size=50x50&set=set1',104856),('YU6542','Nanon Gullick','+6288262906361','https://robohash.org/consequaturperferendislaboriosam.png?size=50x50&set=set1',227247),('YX5639','Stuart Philps','+6287184796375','https://robohash.org/placeatcumquesed.png?size=50x50&set=set1',602893),('YY7192','Adrien Arnholz','+6289161364067','https://robohash.org/nobisrerumsuscipit.png?size=50x50&set=set1',981488),('ZE4804','Ulysses Moorcraft','+6289408727092','https://robohash.org/omnisconsequaturoccaecati.png?size=50x50&set=set1',11940),('ZG0902','Lorelei Robberts','+6289075397280','https://robohash.org/officiamaximeperspiciatis.png?size=50x50&set=set1',511953),('ZI8083','Perceval Colrein','+6289314425497','https://robohash.org/idnostrumquia.png?size=50x50&set=set1',941287),('ZJ9873','Paulie McGuffie','+6289111563988','https://robohash.org/beataevoluptasmagni.png?size=50x50&set=set1',490841),('ZO4480','Barnaby Temporal','+6289037678449','https://robohash.org/absimiliquedolorem.png?size=50x50&set=set1',740375),('ZP7855','Celinda Maith','+6289572690605','https://robohash.org/dictaautemquae.png?size=50x50&set=set1',196095),('ZT2386','Billie Barron','+6289026544605','https://robohash.org/quicumet.png?size=50x50&set=set1',577620),('ZV3050','Richmond Clapshaw','+6289881362737','https://robohash.org/consequaturetipsum.png?size=50x50&set=set1',445477);
/*!40000 ALTER TABLE `driver` ENABLE KEYS */;
UNLOCK TABLES;

--
-- Table structure for table `grabbike`
--

DROP TABLE IF EXISTS `grabbike`;
/*!40101 SET @saved_cs_client     = @@character_set_client */;
/*!50503 SET character_set_client = utf8mb4 */;
CREATE TABLE `grabbike` (
  `id_orderan` varchar(50) CHARACTER SET utf8mb4 COLLATE utf8mb4_0900_ai_ci NOT NULL,
  `alamat_tujuan` varchar(50) CHARACTER SET utf8mb4 COLLATE utf8mb4_0900_ai_ci NOT NULL,
  KEY `grabbike_FK` (`id_orderan`),
  CONSTRAINT `grabbike_FK` FOREIGN KEY (`id_orderan`) REFERENCES `orderan` (`id_orderan`)
) ENGINE=InnoDB DEFAULT CHARSET=utf8mb4 COLLATE=utf8mb4_0900_ai_ci;
/*!40101 SET character_set_client = @saved_cs_client */;

--
-- Dumping data for table `grabbike`
--

LOCK TABLES `grabbike` WRITE;
/*!40000 ALTER TABLE `grabbike` DISABLE KEYS */;
INSERT INTO `grabbike` VALUES ('AJE592','Jalan Jaksa No. 41'),('AMS318','Jalan Raya Pasar Minggu  No. 767'),('AQS628','Jalan Jenderal Sudirman No. 51'),('AUP616','Jalan Mayor Jenderal Sutoyo  No. 790'),('AUV131','Jalan Mayor Jenderal Sutoyo  No. 790'),('AVC383','Jalan Angkasa No. 2206'),('BCQ784','Jalan Casablanca No. 585'),('BET426','Jalan Gajah Mada No. 2186'),('BGP778','Jalan Veteran No. 819'),('BKN080','Jalan Veteran No. 819'),('BRP751','Jalan Jenderal Ahmad Yani  No. 269'),('BXX487','Jalan Raya Bogor No. 292'),('BZX098','Jalan Kramat Raya  No. 1134'),('CFS045','Jalan Mayor Jenderal Sutoyo  No. 790'),('CHW439','Jalan Gajah Mada No. 2186'),('CIT496','Jalan Jenderal Ahmad Yani  No. 269'),('CLV087','Jalan Mangga Dua  No. 327'),('CPJ830','Jalan Otto Iskandardinata No. 1311'),('CPO254','Jalan Profesor Dokter Satrio No. 153'),('CQF387','Jalan Jaksa No. 41'),('CQT098','Jalan H. Imam Sapi\'ie No. 1482'),('DCD919','Jalan Profesor Dokter Satrio No. 153'),('DCN047','Jalan H. Imam Sapi\'ie No. 1482'),('DEX404','Jalan Gajah Mada No. 2186'),('DJN568','Jalan Salemba Raya  No. 801'),('DNH669','Jalan Gajah Mada No. 2186'),('DOF993','Jalan Asia Afrika  No. 1688'),('DQA831','Jalan Jaksa No. 41'),('DRF320','Jalan Asia Afrika  No. 1688'),('DSA314','Jalan Prapatan  No. 1579'),('DUM962','Jalan Halim Perdanakusuma  No. 1409'),('DVQ119','Jalan Bandengan  No. 947'),('EAR877','Jalan Jelakeng No. 1059'),('EBR298','Jalan Salemba Raya  No. 801'),('EDB146','Jalan Mangga Dua  No. 327'),('EFA101','Jalan Veteran No. 819'),('EHD344','Jalan Letnan Jenderal MT Haryono  No. 669'),('EHT502','Jalan Gajah Mada No. 2186'),('EKF177','Jalan Gajah Mada No. 2186'),('EWP260','Jalan Otto Iskandardinata No. 1311'),('FAG026','Jalan Letnan Jenderal MT Haryono  No. 669'),('FAL111','Jalan Pangeran Jayakarta No. 666'),('FBZ864','Jalan Halim Perdanakusuma  No. 1409'),('FCI288','Jalan Otto Iskandardinata No. 1311'),('FEG859','Jalan Jenderal Ahmad Yani  No. 269'),('FKP798','Jalan Pangeran Jayakarta No. 666'),('FOQ895','Jalan Mangga Besar No. Mangga Dua No. 672'),('GFG360','Jalan Medan Merdeka  No. 2192'),('GKW750','Jalan H. Imam Sapi\'ie No. 1482'),('GMH749','Jalan Kyai Haji Wahid Hasyim  No. 833'),('GMR805','Jalan Mayor Jenderal DI Panjaitan  No. 181'),('GRO291','Jalan Otto Iskandardinata No. 1311'),('GSO511','Jalan Halim Perdanakusuma  No. 1409'),('HCY760','Jalan Hayam Wuruk No. 1234'),('HEY484','Jalan Halim Perdanakusuma  No. 1409'),('HFL079','Jalan Kramat Raya  No. 1134'),('HFM192','Jalan Profesor Dokter Satrio No. 153'),('HFV066','Jalan Mangga Dua  No. 327'),('HJV361','Jalan Angkasa No. 2206'),('HMV046','Jalan Kramat Raya  No. 1134'),('HZQ000','Jalan Kyai Haji Wahid Hasyim  No. 833'),('ICL647','Jalan Hayam Wuruk No. 1234'),('IDE590','Jalan Profesor Dokter Satrio No. 153'),('IHA294','Jalan Mayor Jenderal Sutoyo  No. 790'),('ILF850','Jalan Prapatan  No. 1579'),('ILY240','Jalan Transyogi No. 132'),('IMD995','Jalan Bandengan  No. 947'),('IRF610','Jalan Jenderal Ahmad Yani  No. 269'),('IWF173','Jalan Casablanca No. 585'),('IXG951','Jalan H. Imam Sapi\'ie No. 1482'),('JBW072','Jalan Letnan Jenderal S. Parman No. 491'),('JDD347','Jalan Daan Mogot No. 1786'),('JES720','Jalan Mayor Jenderal Sutoyo  No. 790'),('JND735','Jalan Hayam Wuruk No. 1234'),('JPM425','Jalan Halim Perdanakusuma  No. 1409'),('JVE352','Jalan Gajah Mada No. 2186'),('JZJ196','Jalan Daan Mogot No. 1786'),('KBN719','Jalan Medan Merdeka  No. 2192'),('KGG564','Jalan Transyogi No. 132'),('KIK323','Jalan Asia Afrika  No. 1688'),('KIU087','Jalan Mayor Jenderal DI Panjaitan  No. 181'),('KLD312','Jalan Pangeran Jayakarta No. 666'),('KPY609','Jalan Raya Pasar Minggu  No. 767'),('KPZ642','Jalan Casablanca No. 585'),('KQH661','Jalan Pangeran Jayakarta No. 666'),('KYH623','Jalan H. Imam Sapi\'ie No. 1482'),('KYP164','Jalan Transyogi No. 132'),('LAZ778','Jalan Jenderal Sudirman No. 51'),('LDI560','Jalan Profesor Dokter Satrio No. 153'),('LEG748','Jalan Jaksa No. 41'),('LEH866','Jalan Mangga Dua  No. 327'),('LMQ168','Jalan Gajah Mada No. 2186'),('LPN026','Jalan Bandengan  No. 947'),('LUH837','Jalan Raya Bogor No. 292'),('LZQ758','Jalan Asia Afrika  No. 1688'),('LZS606','Jalan Laksamana Yos Sudarso  No. 566'),('MAK489','Jalan Veteran No. 819'),('MHQ353','Jalan Laksamana Yos Sudarso  No. 566'),('MIA354','Jalan Daan Mogot No. 1786'),('MKT050','Jalan Daan Mogot No. 1786'),('MNG279','Jalan H. Imam Sapi\'ie No. 1482'),('MOO466','Jalan Casablanca No. 585'),('NAS138','Jalan Mangga Dua  No. 327'),('NCN424','Jalan Jenderal Ahmad Yani  No. 269'),('NIS668','Jalan Angkasa No. 2206'),('NMJ559','Jalan Jenderal Sudirman No. 51'),('NMN418','Jalan Laksamana Yos Sudarso  No. 566'),('NOB651','Jalan Jaksa No. 41'),('NOX525','Jalan Veteran No. 819'),('NUS242','Jalan Profesor Dokter Satrio No. 153'),('NWA004','Jalan Transyogi No. 132'),('NWA449','Jalan Jenderal Sudirman No. 51'),('NWO688','Jalan Pangeran Jayakarta No. 666'),('NXP967','Jalan Laksamana Yos Sudarso  No. 566'),('OAI813','Jalan Kyai Haji Wahid Hasyim  No. 833'),('OAS648','Jalan Gajah Mada No. 2186'),('OEA714','Jalan H. Imam Sapi\'ie No. 1482'),('OEY521','Jalan Transyogi No. 132'),('OLT274','Jalan Otto Iskandardinata No. 1311'),('OMN689','Jalan Kyai Haji Wahid Hasyim  No. 833'),('OMW723','Jalan Salemba Raya  No. 801'),('ONU578','Jalan Daan Mogot No. 1786'),('OSR917','Jalan Salemba Raya  No. 801'),('OTR028','Jalan Jenderal Ahmad Yani  No. 269'),('OVN688','Jalan Veteran No. 819'),('OXZ288','Jalan Mayor Jenderal Sutoyo  No. 790'),('OZG783','Jalan Halim Perdanakusuma  No. 1409'),('PBP747','Jalan Mangga Besar No. Mangga Dua No. 672'),('PEU349','Jalan Casablanca No. 585'),('PJI115','Jalan Mangga Besar No. Mangga Dua No. 672'),('PJW515','Jalan Salemba Raya  No. 801'),('PMV099','Jalan Raya Bogor No. 292'),('POZ600','Jalan Kyai Haji Wahid Hasyim  No. 833'),('PQS190','Jalan Veteran No. 819'),('PYK607','Jalan Hayam Wuruk No. 1234'),('QDH599','Jalan Mangga Besar No. Mangga Dua No. 672'),('QKV250','Jalan Kramat Raya  No. 1134'),('QKW245','Jalan Letnan Jenderal S. Parman No. 491'),('QQL853','Jalan Hayam Wuruk No. 1234'),('QSQ266','Jalan Hayam Wuruk No. 1234'),('QUC771','Jalan Kyai Haji Wahid Hasyim  No. 833'),('RDD823','Jalan Medan Merdeka  No. 2192'),('RFV065','Jalan Suryopranoto  No. 1160'),('RGI935','Jalan Angkasa No. 2206'),('RIE520','Jalan H. Imam Sapi\'ie No. 1482'),('RKE376','Jalan Letnan Jenderal MT Haryono  No. 669'),('RSO744','Jalan Mangga Besar No. Mangga Dua No. 672'),('RTX840','Jalan Kramat Raya  No. 1134'),('SAJ596','Jalan Veteran No. 819'),('SGR775','Jalan Letnan Jenderal MT Haryono  No. 669'),('SHP340','Jalan Asia Afrika  No. 1688'),('SRK148','Jalan Letnan Jenderal MT Haryono  No. 669'),('SUI506','Jalan Mayor Jenderal Sutoyo  No. 790'),('SVU353','Jalan Medan Merdeka  No. 2192'),('TCR861','Jalan Jenderal Sudirman No. 51'),('TEP762','Jalan Medan Merdeka  No. 2192'),('TFL357','Jalan Hayam Wuruk No. 1234'),('THG892','Jalan Bandengan  No. 947'),('TOG662','Jalan Angkasa No. 2206'),('TOM844','Jalan Mayor Jenderal DI Panjaitan  No. 181'),('TQW457','Jalan Mangga Besar No. Mangga Dua No. 672'),('TUS853','Jalan Profesor Dokter Satrio No. 153'),('TZL167','Jalan Daan Mogot No. 1786'),('TZN791','Jalan Hayam Wuruk No. 1234'),('TZR856','Jalan Mangga Dua  No. 327'),('UCC010','Jalan Mayor Jenderal Sutoyo  No. 790'),('UCW259','Jalan Casablanca No. 585'),('UES575','Jalan Salemba Raya  No. 801'),('UFU505','Jalan Halim Perdanakusuma  No. 1409'),('UMQ023','Jalan Jaksa No. 41'),('UPU049','Jalan Prapatan  No. 1579'),('USP361','Jalan Prapatan  No. 1579'),('UUJ521','Jalan Mangga Dua  No. 327'),('UVC463','Jalan Jenderal Ahmad Yani  No. 269'),('UWB710','Jalan Mangga Besar No. Mangga Dua No. 672'),('UZB450','Jalan Angkasa No. 2206'),('VCS614','Jalan Casablanca No. 585'),('VEK102','Jalan Mangga Besar No. Mangga Dua No. 672'),('VMV674','Jalan Letnan Jenderal MT Haryono  No. 669'),('VPX096','Jalan Prapatan  No. 1579'),('VXR678','Jalan Raya Bogor No. 292'),('VYP369','Jalan Hayam Wuruk No. 1234'),('WFA323','Jalan Raya Pasar Minggu  No. 767'),('WMD310','Jalan Laksamana Yos Sudarso  No. 566'),('WRC946','Jalan Angkasa No. 2206'),('WRS798','Jalan Mangga Besar No. Mangga Dua No. 672'),('XAJ187','Jalan Gajah Mada No. 2186'),('XBB135','Jalan Jelakeng No. 1059'),('XCI612','Jalan Kramat Raya  No. 1134'),('XCU053','Jalan Jenderal Ahmad Yani  No. 269'),('XDH930','Jalan Daan Mogot No. 1786'),('XPC861','Jalan Gajah Mada No. 2186'),('XQT766','Jalan Transyogi No. 132'),('XRX805','Jalan Kramat Raya  No. 1134'),('XTA382','Jalan Mayor Jenderal Sutoyo  No. 790'),('XTP735','Jalan Angkasa No. 2206'),('XXT169','Jalan Mayor Jenderal DI Panjaitan  No. 181'),('YEK238','Jalan Profesor Dokter Satrio No. 153'),('YEK284','Jalan Mayor Jenderal DI Panjaitan  No. 181'),('YEL656','Jalan Angkasa No. 2206'),('YGI994','Jalan Jenderal Sudirman No. 51'),('YIM130','Jalan Kyai Haji Wahid Hasyim  No. 833'),('YMH384','Jalan Raya Bogor No. 292'),('YNI547','Jalan Pangeran Jayakarta No. 666'),('YNZ419','Jalan Jenderal Sudirman No. 51'),('YSM000','Jalan Veteran No. 819'),('YVX629','Jalan Pangeran Jayakarta No. 666'),('YWR849','Jalan Prapatan  No. 1579'),('ZCD375','Jalan Casablanca No. 585'),('ZCF753','Jalan Hayam Wuruk No. 1234'),('ZCN100','Jalan Mayor Jenderal Sutoyo  No. 790'),('ZDC575','Jalan Hayam Wuruk No. 1234'),('ZKM153','Jalan Medan Merdeka  No. 2192'),('ZLT001','Jalan Jenderal Ahmad Yani  No. 269'),('ZNH325','Jalan Halim Perdanakusuma  No. 1409'),('ZTI166','Jalan Otto Iskandardinata No. 1311'),('ZUF970','Jalan Transyogi No. 132'),('ZWL150','Jalan Raya Pasar Minggu  No. 767');
/*!40000 ALTER TABLE `grabbike` ENABLE KEYS */;
UNLOCK TABLES;

--
-- Table structure for table `grabfood`
--

DROP TABLE IF EXISTS `grabfood`;
/*!40101 SET @saved_cs_client     = @@character_set_client */;
/*!50503 SET character_set_client = utf8mb4 */;
CREATE TABLE `grabfood` (
  `id_orderan` varchar(50) CHARACTER SET utf8mb4 COLLATE utf8mb4_0900_ai_ci NOT NULL,
  `rating_food` double DEFAULT NULL,
  KEY `grabfood_FK` (`id_orderan`),
  CONSTRAINT `grabfood_FK` FOREIGN KEY (`id_orderan`) REFERENCES `orderan` (`id_orderan`)
) ENGINE=InnoDB DEFAULT CHARSET=utf8mb4 COLLATE=utf8mb4_0900_ai_ci;
/*!40101 SET character_set_client = @saved_cs_client */;

--
-- Dumping data for table `grabfood`
--

LOCK TABLES `grabfood` WRITE;
/*!40000 ALTER TABLE `grabfood` DISABLE KEYS */;
INSERT INTO `grabfood` VALUES ('AAW271',2.7),('ABF571',3.9),('ADL652',2.3),('AIM473',1.3),('AKS095',4.9),('ALA030',2),('ALK321',4.9),('AMF690',0.1),('ANL472',4.4),('ANX309',4.6),('AOM414',0.1),('BGD703',0.4),('BGK093',4.6),('BIL672',2.2),('BKL866',4.2),('BLJ327',1),('BOE210',3.8),('BOY353',0.7),('BPZ014',3),('BSB691',2.6),('BTT382',1.9),('BUY856',2.7),('BXA826',1.5),('CBM588',3.2),('CBU561',2.1),('CFW387',4.6),('CLN352',0.1),('CPW553',4.1),('CRJ713',0.7),('CUK008',4.5),('CWE376',2.7),('CYI390',3),('DBF497',4.4),('DBS618',2.1),('DCB743',0.4),('DFL659',3.8),('DGA145',4.3),('DGP318',0.2),('DMH797',1.5),('DOH167',0.1),('DOR906',4),('DSS807',2.3),('DTF152',2),('DVF613',3.8),('DXB711',0.7),('DXC550',4.1),('EHB271',4.9),('EHJ651',4),('EJM560',1.8),('EMC979',1.3),('FEN184',4.1),('FGC740',1.1),('FHZ213',4.5),('FMI886',3.9),('FOF490',1.4),('FOK536',0.5),('FPM791',4.2),('FQM554',3.5),('FSD035',2),('FUK925',4.5),('FUV392',5),('FUW306',0.9),('FVJ091',1.5),('FWO460',2.5),('FWW335',2.2),('FYE219',2.6),('FYK953',2.7),('FZE884',2.8),('GCZ461',1.1),('GDR688',3.5),('GFP035',2),('GJF912',4),('GLQ661',4.2),('GML692',3.1),('GRM824',2.3),('GTF351',0),('GXK797',3.8),('HEI059',4.4),('HEY367',2.6),('HFV657',3.3),('HLL052',0.3),('HSD344',0.7),('HTA289',1.7),('HWM104',2.1),('HXA076',0.5),('HXH178',3.7),('HXS410',1.1),('HYZ545',2.7),('IAF117',3),('IAZ213',2.2),('IBE171',2.6),('ICU717',3),('IDO917',3.5),('IDW182',1.3),('IEG087',0.9),('IFB985',2.2),('IJQ419',0.6),('INH609',0.3),('INW402',4.7),('IQU419',1.4),('IRR666',3.4),('IRT616',0.6),('IVG805',4.2),('IXJ854',0.6),('JDT261',4.7),('JFA148',1),('JGT132',0.7),('JHZ901',4.4),('JLJ493',4.8),('JTF916',3.5),('JTN670',4.4),('JVU053',2.1),('JZV021',4.6),('KDN432',2.4),('KEE587',1.5),('KFQ217',2.5),('KLA223',2),('KMK796',4.9),('KTG588',3),('KVT815',2.3),('KWV721',3.6),('KXW014',1.5),('LCA998',4.4),('LCX725',5),('LDJ186',3.5),('LFG843',4.4),('LGH867',0.1),('LKI304',0.9),('LON046',3),('LQX115',4.5),('LRK483',4.7),('LRO439',1.1),('LUP578',4),('LXV699',0.6),('LXY141',3.1),('LYA593',0.6),('LZH216',4.3),('MAX205',2.2),('MDX097',2.3),('MEY600',2.5),('MFG189',2),('MGB047',4.5),('MGS115',0.2),('MII063',4.3),('MJW657',1.4),('MRP215',2.9),('MRR222',4.9),('MTN610',4.8),('NEG707',2.7),('NLD812',2.8),('NQS112',0.3),('NTR707',1.2),('NVJ931',3.3),('ODN744',0.2),('OES817',3.8),('OGG074',2.7),('OGQ315',4.1),('OHD920',2.4),('OIW400',1.7),('OOA432',4.3),('OOW335',3.9),('OPX580',4.4),('OSF358',0.6),('OWF812',2.3),('PDR854',4.4),('PDZ285',3.5),('PEZ079',3.7),('PFO315',1.3),('PHP466',1.5),('PHW712',2.1),('PJN820',2.9),('PKB161',4.1),('PMV309',1.4),('PUB658',4.8),('PYK846',2),('PZG426',3.7),('QAC801',0.2),('QEA125',3.5),('QFX054',4.7),('QGN265',2.4),('QNM484',2.7),('QSJ921',0.8),('QUO943',1.9),('RAN813',4.4),('RJH951',0.7),('RKO489',1.1),('RKZ257',0.4),('RLC410',0.5),('RLH480',2.1),('ROH316',2.7),('RSJ806',2),('RTZ396',1.6),('RUR568',2.7),('RWZ577',3.8),('SBE670',1.8),('SDD681',4.4),('SFI380',1.3),('SGA815',1.3),('SGY258',3.2),('SLN889',3.4),('SND884',0.8),('SOH439',3.9),('SOV653',0.8),('SQF785',3.4),('SSP447',1.5),('STC419',1.9),('SUK364',4.4),('SYY830',0.1),('TBP352',4.4),('TCL452',3.4),('TMK350',0.6),('TRP918',4.5),('TUR657',1.8),('TVG647',2.4),('TVO741',4.5),('TWK448',2.8),('TXK966',0.5),('TYQ924',3.2),('TZK784',2.6),('UFB045',2.6),('UFX484',2.5),('UHW557',0.1),('UIJ184',0),('UJF912',1.2),('UJR371',2.5),('UKC286',1.1),('UXG971',4.3),('UYE810',4),('VCS913',3.1),('VPL790',0.6),('VRN441',2.9),('VRX739',4.4),('VTJ459',4.8),('WAT254',3.6),('WCW324',0.4),('WFE304',1.6),('WHF706',4.1),('WIH879',2.3),('WIJ926',4.1),('WLN040',1.1),('WNY085',4.4),('WQB428',3.3),('WSM081',1.8),('WTO119',0.8),('WVK672',2),('WXB639',3.6),('XBD195',3.3),('XBK672',2.6),('XGC827',4.6),('XHA962',0.1),('XIS085',2.2),('XJZ284',1.2),('XKO359',0.4),('XQJ305',1.2),('XQT627',1.6),('XRQ010',2.1),('XTG390',2),('XVL068',2.7),('YBB816',1.6),('YCU266',0.4),('YEX329',2.5),('YHO595',3.1),('YJN060',4),('YMP317',3.9),('YQB298',4.2),('YRB438',0.2),('YRW409',2.8),('YVE542',2.6),('YZE661',2.9),('ZDY241',3.7),('ZFN112',1.8),('ZFR756',5),('ZHE257',3.7),('ZHO595',3.3),('ZIL505',1),('ZJX178',3),('ZLY593',3.3),('ZPB811',0.3),('ZRN130',4.5),('ZTA367',0.1),('ZUJ815',4.4),('ZXH922',1.5);
/*!40000 ALTER TABLE `grabfood` ENABLE KEYS */;
UNLOCK TABLES;

--
-- Table structure for table `kendaraan`
--

DROP TABLE IF EXISTS `kendaraan`;
/*!40101 SET @saved_cs_client     = @@character_set_client */;
/*!50503 SET character_set_client = utf8mb4 */;
CREATE TABLE `kendaraan` (
  `plat_kendaraan` varchar(50) NOT NULL,
  `jenis_kendaraan` varchar(50) CHARACTER SET utf8mb4 COLLATE utf8mb4_0900_ai_ci NOT NULL,
  PRIMARY KEY (`plat_kendaraan`)
) ENGINE=InnoDB DEFAULT CHARSET=utf8mb4 COLLATE=utf8mb4_0900_ai_ci;
/*!40101 SET character_set_client = @saved_cs_client */;

--
-- Dumping data for table `kendaraan`
--

LOCK TABLES `kendaraan` WRITE;
/*!40000 ALTER TABLE `kendaraan` DISABLE KEYS */;
INSERT INTO `kendaraan` VALUES ('A3666ZVI','Supercub'),('A3859DHU','R25'),('A5225OJE','Revo'),('A5496ULU','Beat Street'),('A5704TIX','Supra X'),('A5999LTD','CBR250RR'),('A6211XXH','Xmax'),('A6217JZX','Vega'),('A6298OIC','Vega'),('A6689ECD','Vario'),('A6751PUX','W175'),('A6830HVQ','Sprint'),('A6987LFJ','Beat'),('A7003XMU','CBR150R'),('A7160ASN','Supra X'),('A7194BLV','Genio'),('A7408ADP','CBR150R'),('A7412BSX','Sonic'),('A7412HTK','Fino'),('A7492CUC','XSR-155'),('A7518YYL','GTR 150'),('A7609QVJ','Vario'),('A7614BTC','Genio'),('A7648PYV','CBR150R'),('A7663XYX','Lexi'),('A7675GPL','Revo'),('A7722AFM','Sonic'),('A7824TOU','CBR150R'),('A7825ESE','Xmax'),('A7852DLF','CBR250RR'),('A7855IAF','Lexi'),('A7898GDH','Aerox'),('A7904ZEP','R15'),('A7998MPQ','Freego'),('B3157VRI','Sonic'),('B3246RVW','PCX'),('B3269XFU','Vega'),('B3946QXN','CBR150R'),('B4132SCH','MX King'),('B4179QVX','Supercub'),('B4284LWL','MT-15'),('B4638WDX','Sonic'),('B4936EWA','CBR250RR'),('B5085OMS','Fino'),('B5088SFG','R25'),('B5203JQC','Nex'),('B5222FHU','Vixion'),('B5234JPB','R15'),('B5257PJB','Beat'),('B5269QVU','Address'),('B5329GWF','W175'),('B5360FTQ','Address'),('B5366PMU','Lexi'),('B5369LTV','Fino'),('B5782JRY','Sprint'),('B5814VYO','Soul'),('B5833BLC','Lexi'),('B5838YMB','MX King'),('B6211VIW','Aerox'),('B6227DQC','Beat'),('B6267ACK','W175'),('B6314QAS','Satria'),('B6378XHY','GTR 150'),('B6387RYH','GTR 150'),('B6432LAH','Gear'),('B6434ZJI','Xmax'),('B6519JTB','Nmax'),('B6599TAZ','Revo'),('B6781ABI','GTR 150'),('B6915IGG','Fino'),('B6916FXL','Vario'),('B6920HCA','Supercub'),('B6968SOV','Supra X'),('B6994OOY','Sonic'),('B7069EAV','Satria'),('B7121HQZ','MT-25'),('B7162FPU','Beat'),('B7224SWA','Genio'),('B7266BCG','Mio'),('B7273EJF','Supercub'),('B7275AIQ','Revo'),('B7278ZZX','Nex'),('B7302CTI','Gear'),('B7306JRZ','Scoopy'),('B7335UQH','Vega'),('B7380PDE','Jupiter'),('B7401VXT','Beat Street'),('B7419TGZ','Beat Street'),('B7486PSU','Sonic'),('B7497XWD','Supercub'),('B7514FOT','CB150'),('B7529ACV','Satria'),('B7556CZI','Satria'),('B7571TYV','Supercub'),('B7604XDH','Scoopy'),('B7626EMP','Beat Street'),('B7641XYG','Vixion'),('B7655DRW','Primavera'),('B7762DNJ','MT-25'),('B7775BBC','XSR-155'),('B7778QKT','Revo'),('B7807PTF','Vixion'),('B7849RAH','R15'),('B7850ZQK','Lexi'),('B7883ZGG','Vario'),('B7887UOK','Fino'),('B7888LPM','Fazzio'),('B7920TFP','GTR 150'),('B7932RGV','Aerox'),('B7938IRE','ADV'),('B7944JTA','PCX'),('B7952VGX','R25'),('B7959DLJ','Sonic'),('B7975PBA','Gear'),('B7977NHB','Vega'),('D7736JOS','Vixion'),('E5479ZSF','Beat Street'),('E5627GUP','Jupiter'),('E6234BLJ','Gear'),('E7041WUW','Fino'),('F3086EPO','Genio'),('F5850YLM','XSR-155'),('F7424KFI','Sonic'),('F7674FAY','Aerox'),('H6204WHF','Nmax'),('H7276MVJ','Forza'),('T3668WQM','CBR250RR'),('T5051WYU','Satria'),('T5145LRT','Vixion'),('T5712AVB','Address'),('T5777UGE','Nex'),('T5958JBQ','R25'),('T6068QWR','Revo'),('T6183WVZ','Primavera'),('T6540EJP','Sonic'),('T6644ZYZ','PCX'),('T6911CMN','MT-25'),('T7096SPB','Crystal'),('T7113AZV','Vixion'),('T7299VCK','Revo'),('T7719TPI','Fazzio'),('Z6229AIZ','Sprint'),('Z6379STC','Address'),('Z6434LDC','Sprint'),('Z7037ZTC','Beat Street'),('Z7042YKO','Forza'),('Z7685VXQ','CBR150R'),('Z7741QNI','Satria'),('Z7808ICU','Freego'),('Z7889LKH','Fino');
/*!40000 ALTER TABLE `kendaraan` ENABLE KEYS */;
UNLOCK TABLES;

--
-- Table structure for table `no_telp_pelanggan`
--

DROP TABLE IF EXISTS `no_telp_pelanggan`;
/*!40101 SET @saved_cs_client     = @@character_set_client */;
/*!50503 SET character_set_client = utf8mb4 */;
CREATE TABLE `no_telp_pelanggan` (
  `id_pelanggan` varchar(50) CHARACTER SET utf8mb4 COLLATE utf8mb4_0900_ai_ci NOT NULL,
  `no_telp` varchar(25) CHARACTER SET utf8mb4 COLLATE utf8mb4_0900_ai_ci NOT NULL,
  KEY `no_telp_pelanggan_FK` (`id_pelanggan`),
  CONSTRAINT `no_telp_pelanggan_FK` FOREIGN KEY (`id_pelanggan`) REFERENCES `pelanggan` (`id_pelanggan`)
) ENGINE=InnoDB DEFAULT CHARSET=utf8mb4 COLLATE=utf8mb4_0900_ai_ci;
/*!40101 SET character_set_client = @saved_cs_client */;

--
-- Dumping data for table `no_telp_pelanggan`
--

LOCK TABLES `no_telp_pelanggan` WRITE;
/*!40000 ALTER TABLE `no_telp_pelanggan` DISABLE KEYS */;
INSERT INTO `no_telp_pelanggan` VALUES ('FUZD051','+6289164680112'),('WDHO029','+6288600529680'),('HPZU613','+6289010129430'),('YHOY181','+6288268568232'),('ELQW728','+6282760509508'),('WDHO029','+6288926374540'),('DLKM834','+6289884097720'),('LCFT522','+6287938103187'),('UQGX266','+6289988342780'),('PQRA160','+6289036978175'),('LHON581','+6288114780706'),('XZFT108','+6289072828048'),('PQFZ200','+6289107508180'),('OQDC762','+6289317478895'),('PQRA160','+6289160321908'),('UABJ805','+6289037761645'),('LSUJ408','+6289639024790'),('YDOQ175','+6287300761143'),('ZAUY994','+6287589958160'),('PVVX426','+6288335059976'),('GKHH979','+6288644787105'),('OIFB739','+6289586490426'),('JDYF444','+6288001931593'),('HNJL193','+6289267157868'),('LHON581','+6282468128376'),('NRTA024','+6285728198471'),('CMXF360','+6289314491787'),('LVFO993','+6287384075223'),('MBKU471','+6289966469240'),('YAWJ238','+6285115005597'),('RDOA469','+6287806544794'),('GIIQ862','+6288250132715'),('WCBY359','+6289536166865'),('QJNI726','+6288829995984'),('HKAV558','+6289040785430'),('YQDH477','+6288903966195'),('WDHO029','+6289375740248'),('GLAC982','+6288570480293'),('YGLE819','+6289278965014'),('ENTN711','+6283922463752'),('ENTN711','+6289158545846'),('ZKNU798','+6289610110408'),('PQFZ200','+6289232051863'),('IRQC713','+6285621072445'),('SWDP612','+6288708986223'),('MKUU863','+6289596647912'),('INSL685','+6281968592605'),('UPRD170','+6288390967067'),('CTTV142','+6287692543496'),('YQDH477','+6289291141475'),('TUBQ661','+6287714886644'),('VWMW126','+6289873380339'),('BUTI919','+6289433835254'),('UXVE033','+6289630763287'),('JPRE579','+6287993134717'),('DIFN998','+6288988087077'),('UABJ805','+6288939716191'),('YHOY181','+6288346419812'),('CMXF360','+6288451633669'),('WDHO029','+6289105962204'),('YAWJ238','+6287001319143'),('BUTI919','+6288383629213'),('ZMHI379','+6289419641347'),('FCNY055','+6288019436666'),('GBFF561','+6288038349686'),('YDOQ175','+6289411860229'),('ZSIM473','+6289816621240'),('ZSIM473','+6289905624608'),('EBVW297','+6289855835640'),('TVCQ911','+6287116617154'),('YGLE819','+6287440116571'),('BZWZ474','+6288920321239'),('QYSF155','+6287424991287'),('OMYO957','+6289534021836'),('UABJ805','+6289876840531'),('GKHH979','+6289764797393'),('XIUC297','+6288945275300'),('OKQN924','+6283851324055'),('PVVX426','+6289435316360'),('QUEJ601','+6288068826508'),('FPSI963','+6289822456183'),('IPMR947','+6289130664779'),('CMXF360','+6288185251753'),('VOUL231','+6289349336617'),('TKVJ893','+6285691630177'),('PVVX426','+6287567442852'),('QUEJ601','+6289681323893'),('IRQC713','+6289584635311'),('JSYE116','+6289745941348'),('IRQC713','+6289320334992'),('BZWZ474','+6285590256088'),('PWCI132','+6289950512710'),('PKXJ240','+6287485724396'),('YBAK787','+6287937465944'),('YQDH477','+6288223237756'),('PWCI132','+6287032911082'),('PLGW598','+6289820349266'),('ANUX468','+6289417308967'),('PQRA160','+6289232261459'),('OMYO957','+6287038251487'),('WKQO605','+6288413247091'),('THEY103','+6289478314326'),('PLGW598','+6288084970022'),('UPRD170','+6288706252972'),('HNJL193','+6285074122474'),('IJTG903','+6288280577793'),('XOSA707','+6288001093930'),('MLZD377','+6288461621721'),('LHON581','+6285760126727'),('IHIF614','+6288695480835'),('JAQP228','+6288904348518'),('TUBQ661','+6289123714776'),('ISUV370','+6287461595110'),('XWXW820','+6285531341356'),('OIFB739','+6289188426936'),('JSYE116','+6289080100147'),('BDRX936','+6289844141412'),('TAUU578','+6288486736756'),('CTTV142','+6289564801002'),('GLAC982','+6288906551248'),('OQDC762','+6288075292197'),('WCBY359','+6289343869521'),('LCFT522','+6289295435156'),('JSYE116','+6285251724585'),('TFBK567','+6288198584354'),('SWDP612','+6285458504508'),('QUEJ601','+6288296536777'),('FRHC761','+6285409926327'),('ZKNU798','+6289855770216'),('WCEJ484','+6289257610135'),('EBVW297','+6289329841554'),('UCRV655','+6289583802836'),('JSBF618','+6289035398351'),('PMHU386','+6288661317596'),('LSUJ408','+6289501742656'),('NQBV627','+6289982532779'),('YAWJ238','+6289333444951'),('PZQF016','+6285174817290'),('YQDH477','+6289683945959'),('OIFB739','+6289240049012'),('CJQY163','+6289544630893'),('FTOP007','+6289095061697'),('DLKM834','+6287490652819'),('NVNC512','+6288006653681'),('YQDH477','+6285713700562'),('BQCG610','+6289297942348'),('BVMK218','+6287267724909'),('JSYE116','+6282253206537'),('XQSI082','+6287041897527'),('QUVI094','+6283677640689'),('JPRE579','+6289405586383'),('FCNY055','+6289748872482'),('AMUY358','+6288919171388'),('QJNI726','+6289562966632'),('VUED842','+6285098861627'),('YGLE819','+6289835581449'),('DIFN998','+6289520920840'),('CJQY163','+6289177804695'),('YMIA914','+6289327242479'),('PMHU386','+6288153284661'),('VUED842','+6289376346271'),('OQDC762','+6289014849697'),('QJNI726','+6288169103973'),('JSBF618','+6289687599548'),('FOMY737','+6287181658721'),('HPZU613','+6289474887866'),('KJAO176','+6288500027551'),('GBFF561','+6289738109330'),('THEY103','+6287026890549'),('RDOA469','+6288263261029'),('XQSI082','+6289227488019'),('YQVZ203','+6281314040533'),('GLAC982','+6289523913930'),('LHON581','+6288879198196'),('RFXJ940','+6285763631236'),('THEY103','+6288742381746'),('LVFO993','+6289218378465'),('HNJL193','+6288021462744'),('XZFT108','+6289716237755'),('PTBJ509','+6289107596674'),('EQMS943','+6289629669899'),('RWOR873','+6287550200158'),('CTTV142','+6289662869274'),('SDYT606','+6287130373624'),('JSBF618','+6288666069264'),('UQGX266','+6288025346372'),('FRHC761','+6289737490778'),('ZMHI379','+6289564776859'),('WDHO029','+6289236822211'),('GIIQ862','+6288686628822'),('CMXF360','+6289582106272'),('PGGX770','+6287516239479'),('OEBO514','+6289910106740'),('YQDH477','+6289663874308'),('TWDH298','+6288686559745'),('JDYF444','+6287251345286'),('INSL685','+6287643308292'),('JDYF444','+6289874727301'),('PKXJ240','+6287606836218'),('SGBB470','+6288198257911'),('XIUC297','+6288701428461'),('PAOX372','+6289006913539'),('VOUL231','+6288936691717'),('ISUV370','+6288796955402'),('TKVJ893','+6287339998971'),('LSUJ408','+6281958375010'),('XWXW820','+6289395512408'),('WDHO029','+6289698778492'),('ZKNU798','+6289698219618'),('EMWU303','+6289994197912'),('FRHC761','+6287590994099'),('IGJE347','+6287366738933'),('SWDP612','+6289640293764'),('ESTZ536','+6288918024958'),('FOMY737','+6289666923139'),('UOYS050','+6283800736230'),('LVFO993','+6288397210948'),('XAFS613','+6289253937062'),('TVCQ911','+6289973912453'),('XQSI082','+6287461795065'),('IPMR947','+6288185631221'),('AMUY358','+6285940465397'),('HNJL193','+6289275301601'),('EMWU303','+6287162765693'),('GHWO440','+6289720856424'),('TVCQ911','+6289452736966'),('FRHC761','+6289150471334'),('ZMHI379','+6287730583242'),('DMVA129','+6288004387892'),('IRQC713','+6287964204047'),('QZFZ770','+6289191211403'),('LVFO993','+6289572184578'),('PQRA160','+6289947238852'),('WZZH018','+6289085600289'),('QUEJ601','+6288734753632'),('JSYE116','+6289006608147'),('GIIQ862','+6287784724126'),('HGIF346','+6289396770877'),('UABJ805','+6288742437184'),('IOQT632','+6289388829908'),('OKQN924','+6288888800296'),('QYSF155','+6288696801545'),('GLAC982','+6289756330430'),('AFJC315','+6289172949789'),('LNWT727','+6288219346898'),('WCBY359','+6289157219140'),('XOSA707','+6289698023767'),('PLGW598','+6289174580696'),('FRHC761','+6289751124080'),('UPRD170','+6289812626522'),('TKVJ893','+6289649497957'),('SDYT606','+6289164346728'),('PAOX372','+6287474713862'),('UCRV655','+6287159405615'),('LSUJ408','+6289491552110'),('NDLU607','+6289120900226'),('GIIQ862','+6282709820862'),('WZZH018','+6288238383584'),('BQCG610','+6281285905015'),('RDOA469','+6288927753988'),('YMIA914','+6289810449975'),('FRHC761','+6289383250269'),('DLKM834','+6289607966481'),('JSYE116','+6285162823073'),('RFXJ940','+6288943007963'),('LVFO993','+6289098858286'),('OQDC762','+6289845689021'),('DIFN998','+6289593023703'),('MLZD377','+6288014669601'),('IGJE347','+6283167864490'),('YMIA914','+6289191468379'),('PVVX426','+6288411826822'),('LCFT522','+6289770656818'),('FRHC761','+6287640100520'),('YQVZ203','+6288641966712'),('QUVI094','+6283304465935'),('OMYO957','+6289478403283'),('JAQP228','+6289916062141'),('QUVI094','+6288300845583'),('JDYF444','+6282192466418'),('WZZH018','+6289006090535'),('SRWX558','+6288514409316'),('VOUL231','+6283004789845'),('THEY103','+6289629781849'),('JSYE116','+6289152309981'),('HNJL193','+6287221241043'),('SRWX558','+6283090720620'),('INSL685','+6289082476631'),('XAFS613','+6289708216776'),('DIFN998','+6288213990589'),('PKXJ240','+6288223948131'),('PQRA160','+6289517820051'),('NVNC512','+6289759739365'),('PTBJ509','+6289342497790'),('PZQF016','+6287995678661'),('LSUJ408','+6289887940996'),('SWDP612','+6288462191620'),('PZKN297','+6287574089230'),('ZKNU798','+6287793042788'),('THBM438','+6287862569844');
/*!40000 ALTER TABLE `no_telp_pelanggan` ENABLE KEYS */;
UNLOCK TABLES;

--
-- Table structure for table `orderan`
--

DROP TABLE IF EXISTS `orderan`;
/*!40101 SET @saved_cs_client     = @@character_set_client */;
/*!50503 SET character_set_client = utf8mb4 */;
CREATE TABLE `orderan` (
  `id_orderan` varchar(50) NOT NULL,
  `nama_jalan` varchar(50) CHARACTER SET utf8mb4 COLLATE utf8mb4_0900_ai_ci NOT NULL,
  `nama_kota` varchar(50) CHARACTER SET utf8mb4 COLLATE utf8mb4_0900_ai_ci NOT NULL,
  `tipe_orderan` varchar(50) CHARACTER SET utf8mb4 COLLATE utf8mb4_0900_ai_ci NOT NULL,
  `chat` varchar(50) DEFAULT NULL,
  `rating` double DEFAULT NULL,
  `id_pelanggan` varchar(50) CHARACTER SET utf8mb4 COLLATE utf8mb4_0900_ai_ci NOT NULL,
  PRIMARY KEY (`id_orderan`),
  KEY `orderan_FK` (`id_pelanggan`),
  CONSTRAINT `orderan_FK` FOREIGN KEY (`id_pelanggan`) REFERENCES `pelanggan` (`id_pelanggan`)
) ENGINE=InnoDB DEFAULT CHARSET=utf8mb4 COLLATE=utf8mb4_0900_ai_ci;
/*!40101 SET character_set_client = @saved_cs_client */;

--
-- Dumping data for table `orderan`
--

LOCK TABLES `orderan` WRITE;
/*!40000 ALTER TABLE `orderan` DISABLE KEYS */;
INSERT INTO `orderan` VALUES ('AAW271','Jalan Mangga Dua','Singkawang','GrabFood','Driver : Halo, Pelanggan : Halo, sesuai maps ya!',3.7,'YSJQ675'),('ABF571','Jalan Medan Merdeka','Tanjungpinang','GrabFood','Driver : Halo, Pelanggan : Halo, sesuai maps ya!',3.5,'XWXW820'),('ADL652','Jalan Profesor Dokter Satrio','Padang Sidempuan','GrabFood','Driver : Halo, Pelanggan : Halo, sesuai maps ya!',2.2,'PZKN297'),('AIM473','Jalan Angkasa','Binjai','GrabFood','Driver : Halo, Pelanggan : Halo, sesuai maps ya!',3.5,'ZMHI379'),('AJE592','Jalan Hayam Wuruk','Kendari','GrabBike','Driver : Halo, Pelanggan : Halo, sesuai maps ya!',3.5,'SGBB470'),('AKS095','Jalan Profesor Dokter Satrio','Probolinggo','GrabFood','Driver : Halo, Pelanggan : Halo, sesuai maps ya!',3,'FPSI963'),('ALA030','Jalan H. Imam Sapi\'ie','Tegal','GrabFood','Driver : Halo, Pelanggan : Halo, sesuai maps ya!',3.8,'GBFF561'),('ALK321','Jalan Letnan Jenderal MT Haryono','Batam','GrabFood','Driver : Halo, Pelanggan : Halo, sesuai maps ya!',2.2,'HKAV558'),('AMF690','Jalan Jenderal Sudirman','Banda Aceh','GrabFood','Driver : Halo, Pelanggan : Halo, sesuai maps ya!',4.1,'EMWU303'),('AMS318','Jalan Mangga Dua','Pasuruan','GrabBike','Driver : Halo, Pelanggan : Halo, sesuai maps ya!',3,'JSYE116'),('ANL472','Jalan Kramat Raya','Banda Aceh','GrabFood','Driver : Halo, Pelanggan : Halo, sesuai maps ya!',1.8,'FOMY737'),('ANX309','Jalan Jenderal Ahmad Yani','Tegal','GrabFood','Driver : Halo, Pelanggan : Halo, sesuai maps ya!',1,'PAOX372'),('AOM414','Jalan Mangga Besar','Depok','GrabFood','Driver : Halo, Pelanggan : Halo, sesuai maps ya!',1.8,'DIFN998'),('AQS628','Jalan Raya Pasar Minggu','Kupang','GrabBike','Driver : Halo, Pelanggan : Halo, sesuai maps ya!',1.8,'ZKNU798'),('AUP616','Jalan Medan Merdeka','Batam','GrabBike','Driver : Halo, Pelanggan : Halo, sesuai maps ya!',0.6,'KJAO176'),('AUV131','Jalan Suryopranoto','Depok','GrabBike','Driver : Halo, Pelanggan : Halo, sesuai maps ya!',2.1,'LVFO993'),('AVC383','Jalan Pangeran Jayakarta','Batu','GrabBike','Driver : Halo, Pelanggan : Halo, sesuai maps ya!',0.2,'ZAUY994'),('BCQ784','Jalan H. Imam Sapi\'ie','Pekalongan','GrabBike','Driver : Halo, Pelanggan : Halo, sesuai maps ya!',1.6,'LSUJ408'),('BET426','Jalan H. Imam Sapi\'ie','Sukabumi','GrabBike','Driver : Halo, Pelanggan : Halo, sesuai maps ya!',0.4,'PTBJ509'),('BGD703','Jalan Jenderal Sudirman','Kediri','GrabFood','Driver : Halo, Pelanggan : Halo, sesuai maps ya!',4.8,'XAFS613'),('BGK093','Jalan Suryopranoto','Binjai','GrabFood','Driver : Halo, Pelanggan : Halo, sesuai maps ya!',4.5,'UPRD170'),('BGP778','Jalan Kramat Raya','Palu','GrabBike','Driver : Halo, Pelanggan : Halo, sesuai maps ya!',1.4,'TUBQ661'),('BIL672','Jalan Medan Merdeka','Jambi','GrabFood','Driver : Halo, Pelanggan : Halo, sesuai maps ya!',1,'LNWT727'),('BKL866','Jalan Profesor Dokter Satrio','Pasuruan','GrabFood','Driver : Halo, Pelanggan : Halo, sesuai maps ya!',3.1,'EQMS943'),('BKN080','Jalan Mangga Dua','Tangerang','GrabBike','Driver : Halo, Pelanggan : Halo, sesuai maps ya!',4.1,'KJAO176'),('BLJ327','Jalan Kramat Raya','Jakarta Barat','GrabFood','Driver : Halo, Pelanggan : Halo, sesuai maps ya!',0.1,'RWOR873'),('BOE210','Jalan Casablanca','Magelang','GrabFood','Driver : Halo, Pelanggan : Halo, sesuai maps ya!',4,'PMHU386'),('BOY353','Jalan Raya Pasar Minggu','Pariaman','GrabFood','Driver : Halo, Pelanggan : Halo, sesuai maps ya!',2.9,'DMVA129'),('BPZ014','Jalan Laksamana Yos Sudarso','Surakarta','GrabFood','Driver : Halo, Pelanggan : Halo, sesuai maps ya!',4.9,'GJMU404'),('BRP751','Jalan Mayor Jenderal DI Panjaitan','Balikpapan','GrabBike','Driver : Halo, Pelanggan : Halo, sesuai maps ya!',4.9,'PZKN297'),('BSB691','Jalan H. Imam Sapi\'ie','Kotamobagu','GrabFood','Driver : Halo, Pelanggan : Halo, sesuai maps ya!',4.5,'YQDH477'),('BTT382','Jalan Profesor Dokter Satrio','Cirebon','GrabFood','Driver : Halo, Pelanggan : Halo, sesuai maps ya!',3.8,'INSL685'),('BUY856','Jalan Suryopranoto','Batam','GrabFood','Driver : Halo, Pelanggan : Halo, sesuai maps ya!',3.7,'CMXF360'),('BXA826','Jalan Mayor Jenderal DI Panjaitan','Magelang','GrabFood','Driver : Halo, Pelanggan : Halo, sesuai maps ya!',1.9,'RDOA469'),('BXX487','Jalan Mayor Jenderal Sutoyo','Bandung','GrabBike','Driver : Halo, Pelanggan : Halo, sesuai maps ya!',2.5,'GIIQ862'),('BZX098','Jalan Salemba Raya','Madiun','GrabBike','Driver : Halo, Pelanggan : Halo, sesuai maps ya!',0.8,'FPSI963'),('CBM588','Jalan Letnan Jenderal MT Haryono','Pasuruan','GrabFood','Driver : Halo, Pelanggan : Halo, sesuai maps ya!',0.2,'LVFO993'),('CBU561','Jalan Mangga Besar','Kendari','GrabFood','Driver : Halo, Pelanggan : Halo, sesuai maps ya!',4.3,'OQDC762'),('CFS045','Jalan Mangga Besar','Batu','GrabBike','Driver : Halo, Pelanggan : Halo, sesuai maps ya!',1.3,'IGJE347'),('CFW387','Jalan Bandengan','Serang','GrabFood','Driver : Halo, Pelanggan : Halo, sesuai maps ya!',0.1,'PLGW598'),('CHW439','Jalan Mangga Dua','Probolinggo','GrabBike','Driver : Halo, Pelanggan : Halo, sesuai maps ya!',4.8,'HGIF346'),('CIT496','Jalan Mangga Dua','Yogyakarta','GrabBike','Driver : Halo, Pelanggan : Halo, sesuai maps ya!',3,'ZSIM473'),('CLN352','Jalan Kramat Raya','Medan','GrabFood','Driver : Halo, Pelanggan : Halo, sesuai maps ya!',0.8,'EMWU303'),('CLV087','Jalan Angkasa','Pagar Alam','GrabBike','Driver : Halo, Pelanggan : Halo, sesuai maps ya!',1.7,'RDOA469'),('CPJ830','Jalan Laksamana Yos Sudarso','Ambon','GrabBike','Driver : Halo, Pelanggan : Halo, sesuai maps ya!',1.7,'JPRE579'),('CPO254','Jalan Kyai Haji Wahid Hasyim','Bima','GrabBike','Driver : Halo, Pelanggan : Halo, sesuai maps ya!',3.6,'DMVA129'),('CPW553','Jalan Mayor Jenderal Sutoyo','Batu','GrabFood','Driver : Halo, Pelanggan : Halo, sesuai maps ya!',1,'AFJC315'),('CQF387','Jalan Prapatan','Manado','GrabBike','Driver : Halo, Pelanggan : Halo, sesuai maps ya!',2.4,'OKQN924'),('CQT098','Jalan Gajah Mada','Tomohon','GrabBike','Driver : Halo, Pelanggan : Halo, sesuai maps ya!',1.5,'GIIQ862'),('CRJ713','Jalan Suryopranoto','Sorong','GrabFood','Driver : Halo, Pelanggan : Halo, sesuai maps ya!',1.5,'CMXF360'),('CUK008','Jalan Halim Perdanakusuma','Padang','GrabFood','Driver : Halo, Pelanggan : Halo, sesuai maps ya!',2.3,'AFJC315'),('CWE376','Jalan Kramat Raya','Lhokseumawe','GrabFood','Driver : Halo, Pelanggan : Halo, sesuai maps ya!',0.7,'PMHU386'),('CYI390','Jalan Letnan Jenderal MT Haryono','Tasikmalaya','GrabFood','Driver : Halo, Pelanggan : Halo, sesuai maps ya!',1.5,'ELQW728'),('DBF497','Jalan Pangeran Jayakarta','Binjai','GrabFood','Driver : Halo, Pelanggan : Halo, sesuai maps ya!',2.5,'JPRE579'),('DBS618','Jalan Kramat Raya','Cilegon','GrabFood','Driver : Halo, Pelanggan : Halo, sesuai maps ya!',0.6,'UABJ805'),('DCB743','Jalan Jenderal Sudirman','Sibolga','GrabFood','Driver : Halo, Pelanggan : Halo, sesuai maps ya!',1.1,'EBVW297'),('DCD919','Jalan Hayam Wuruk','Serang','GrabBike','Driver : Halo, Pelanggan : Halo, sesuai maps ya!',1.1,'PZQF016'),('DCN047','Jalan Letnan Jenderal MT Haryono','Surabaya','GrabBike','Driver : Halo, Pelanggan : Halo, sesuai maps ya!',2.8,'YAWJ238'),('DEX404','Jalan Halim Perdanakusuma','Bandar Lampung','GrabBike','Driver : Halo, Pelanggan : Halo, sesuai maps ya!',3.2,'PZKN297'),('DFL659','Jalan Laksamana Yos Sudarso','Sabang','GrabFood','Driver : Halo, Pelanggan : Halo, sesuai maps ya!',1.3,'XWXW820'),('DGA145','Jalan Mangga Dua','Batu','GrabFood','Driver : Halo, Pelanggan : Halo, sesuai maps ya!',3.1,'KJAO176'),('DGP318','Jalan Profesor Dokter Satrio','Palembang','GrabFood','Driver : Halo, Pelanggan : Halo, sesuai maps ya!',0.9,'EBVW297'),('DJN568','Jalan Jenderal Ahmad Yani','Cimahi','GrabBike','Driver : Halo, Pelanggan : Halo, sesuai maps ya!',1,'JTQN184'),('DMH797','Jalan Laksamana Yos Sudarso','Mojokerto','GrabFood','Driver : Halo, Pelanggan : Halo, sesuai maps ya!',1.1,'AMUY358'),('DNH669','Jalan Asia Afrika','Malang','GrabBike','Driver : Halo, Pelanggan : Halo, sesuai maps ya!',1.7,'UCRV655'),('DOF993','Jalan Laksamana Yos Sudarso','Banjarmasin','GrabBike','Driver : Halo, Pelanggan : Halo, sesuai maps ya!',2.4,'TJYQ826'),('DOH167','Jalan Kramat Raya','Sabang','GrabFood','Driver : Halo, Pelanggan : Halo, sesuai maps ya!',2.4,'IPMR947'),('DOR906','Jalan Mayor Jenderal DI Panjaitan','Dumai','GrabFood','Driver : Halo, Pelanggan : Halo, sesuai maps ya!',3.6,'FUZD051'),('DQA831','Jalan Kramat Raya','Sabang','GrabBike','Driver : Halo, Pelanggan : Halo, sesuai maps ya!',0.7,'TVCQ911'),('DRF320','Jalan Raya Pasar Minggu','Banda Aceh','GrabBike','Driver : Halo, Pelanggan : Halo, sesuai maps ya!',0.9,'RWOR873'),('DSA314','Jalan Letnan Jenderal S. Parman','Metro','GrabBike','Driver : Halo, Pelanggan : Halo, sesuai maps ya!',0.6,'OQDC762'),('DSS807','Jalan Halim Perdanakusuma','Binjai','GrabFood','Driver : Halo, Pelanggan : Halo, sesuai maps ya!',2.3,'PGGX770'),('DTF152','Jalan Jaksa','Magelang','GrabFood','Driver : Halo, Pelanggan : Halo, sesuai maps ya!',0.9,'PMHU386'),('DUM962','Jalan Suryopranoto','Cirebon','GrabBike','Driver : Halo, Pelanggan : Halo, sesuai maps ya!',2.7,'JSBF618'),('DVF613','Jalan Pangeran Jayakarta','Tasikmalaya','GrabFood','Driver : Halo, Pelanggan : Halo, sesuai maps ya!',0.5,'YQDH477'),('DVQ119','Jalan Salemba Raya','Sabang','GrabBike','Driver : Halo, Pelanggan : Halo, sesuai maps ya!',1.3,'PGGX770'),('DXB711','Jalan Letnan Jenderal S. Parman','Depok','GrabFood','Driver : Halo, Pelanggan : Halo, sesuai maps ya!',0.5,'QZFZ770'),('DXC550','Jalan Veteran','Makassar','GrabFood','Driver : Halo, Pelanggan : Halo, sesuai maps ya!',2.9,'QUVI094'),('EAR877','Jalan Mayor Jenderal Sutoyo','Surabaya','GrabBike','Driver : Halo, Pelanggan : Halo, sesuai maps ya!',3.4,'MBKU471'),('EBR298','Jalan Kramat Raya','Jayapura','GrabBike','Driver : Halo, Pelanggan : Halo, sesuai maps ya!',4.4,'QUVI094'),('EDB146','Jalan Letnan Jenderal S. Parman','Pematangsiantar','GrabBike','Driver : Halo, Pelanggan : Halo, sesuai maps ya!',2.1,'SYCM229'),('EFA101','Jalan Transyogi','Bontang','GrabBike','Driver : Halo, Pelanggan : Halo, sesuai maps ya!',3.7,'OQDC762'),('EHB271','Jalan H. Imam Sapi\'ie','Madiun','GrabFood','Driver : Halo, Pelanggan : Halo, sesuai maps ya!',0.5,'UOYS050'),('EHD344','Jalan Jelakeng','Payakumbuh','GrabBike','Driver : Halo, Pelanggan : Halo, sesuai maps ya!',2.5,'PLGW598'),('EHJ651','Jalan Letnan Jenderal MT Haryono','Payakumbuh','GrabFood','Driver : Halo, Pelanggan : Halo, sesuai maps ya!',3.5,'PTBJ509'),('EHT502','Jalan Casablanca','Kendari','GrabBike','Driver : Halo, Pelanggan : Halo, sesuai maps ya!',1.9,'QYSF155'),('EJM560','Jalan Angkasa','Bukittinggi','GrabFood','Driver : Halo, Pelanggan : Halo, sesuai maps ya!',4.5,'GLAC982'),('EKF177','Jalan Jenderal Sudirman','Tomohon','GrabBike','Driver : Halo, Pelanggan : Halo, sesuai maps ya!',0.9,'HPZU613'),('EMC979','Jalan Salemba Raya','Lhokseumawe','GrabFood','Driver : Halo, Pelanggan : Halo, sesuai maps ya!',1.4,'SDYT606'),('EWP260','Jalan Raya Bogor','Baubau','GrabBike','Driver : Halo, Pelanggan : Halo, sesuai maps ya!',3.6,'GLAC982'),('FAG026','Jalan Profesor Dokter Satrio','Surabaya','GrabBike','Driver : Halo, Pelanggan : Halo, sesuai maps ya!',2.3,'OKQN924'),('FAL111','Jalan Mayor Jenderal DI Panjaitan','Baubau','GrabBike','Driver : Halo, Pelanggan : Halo, sesuai maps ya!',4.9,'IOQT632'),('FBZ864','Jalan Pangeran Jayakarta','Padang','GrabBike','Driver : Halo, Pelanggan : Halo, sesuai maps ya!',2.8,'WCBY359'),('FCI288','Jalan Halim Perdanakusuma','Palu','GrabBike','Driver : Halo, Pelanggan : Halo, sesuai maps ya!',1,'GKHH979'),('FEG859','Jalan Veteran','Malang','GrabBike','Driver : Halo, Pelanggan : Halo, sesuai maps ya!',2.9,'XZFT108'),('FEN184','Jalan Raya Pasar Minggu','Ternate','GrabFood','Driver : Halo, Pelanggan : Halo, sesuai maps ya!',0.7,'LSUJ408'),('FGC740','Jalan Asia Afrika','Balikpapan','GrabFood','Driver : Halo, Pelanggan : Halo, sesuai maps ya!',1.8,'PZKN297'),('FHZ213','Jalan Laksamana Yos Sudarso','Palu','GrabFood','Driver : Halo, Pelanggan : Halo, sesuai maps ya!',4.4,'PGGX770'),('FKP798','Jalan Kyai Haji Wahid Hasyim','Mataram','GrabBike','Driver : Halo, Pelanggan : Halo, sesuai maps ya!',0.6,'YHOY181'),('FMI886','Jalan Bandengan','Cirebon','GrabFood','Driver : Halo, Pelanggan : Halo, sesuai maps ya!',2.7,'QMUN318'),('FOF490','Jalan Medan Merdeka','Jakarta Selatan','GrabFood','Driver : Halo, Pelanggan : Halo, sesuai maps ya!',3,'UFIR326'),('FOK536','Jalan Medan Merdeka','Jakarta Pusat','GrabFood','Driver : Halo, Pelanggan : Halo, sesuai maps ya!',2.7,'WKJC576'),('FOQ895','Jalan Profesor Dokter Satrio','Jambi','GrabBike','Driver : Halo, Pelanggan : Halo, sesuai maps ya!',4.2,'DIFN998'),('FPM791','Jalan Kyai Haji Wahid Hasyim','Langsa','GrabFood','Driver : Halo, Pelanggan : Halo, sesuai maps ya!',4.8,'BVMK218'),('FQM554','Jalan Raya Pasar Minggu','Sabang','GrabFood','Driver : Halo, Pelanggan : Halo, sesuai maps ya!',0.3,'EBVW297'),('FSD035','Jalan H. Imam Sapi\'ie','Tomohon','GrabFood','Driver : Halo, Pelanggan : Halo, sesuai maps ya!',2.8,'TVCQ911'),('FUK925','Jalan Salemba Raya','Tangerang Selatan','GrabFood','Driver : Halo, Pelanggan : Halo, sesuai maps ya!',4.4,'FOMY737'),('FUV392','Jalan Jenderal Sudirman','Madiun','GrabFood','Driver : Halo, Pelanggan : Halo, sesuai maps ya!',2.2,'NQBV627'),('FUW306','Jalan Kyai Haji Wahid Hasyim','Jakarta Utara','GrabFood','Driver : Halo, Pelanggan : Halo, sesuai maps ya!',3.3,'LHON581'),('FVJ091','Jalan Casablanca','Ambon','GrabFood','Driver : Halo, Pelanggan : Halo, sesuai maps ya!',1.7,'GJMU404'),('FWO460','Jalan Kramat Raya','Bukittinggi','GrabFood','Driver : Halo, Pelanggan : Halo, sesuai maps ya!',2.6,'YBAK787'),('FWW335','Jalan Pangeran Jayakarta','Cirebon','GrabFood','Driver : Halo, Pelanggan : Halo, sesuai maps ya!',0.2,'LNWT727'),('FYE219','Jalan Pangeran Jayakarta','Tanjungpinang','GrabFood','Driver : Halo, Pelanggan : Halo, sesuai maps ya!',0.2,'YAWJ238'),('FYK953','Jalan Mangga Dua','Ternate','GrabFood','Driver : Halo, Pelanggan : Halo, sesuai maps ya!',4.9,'XAFS613'),('FZE884','Jalan Hayam Wuruk','Medan','GrabFood','Driver : Halo, Pelanggan : Halo, sesuai maps ya!',2.7,'YBAK787'),('GCZ461','Jalan Gajah Mada','Sorong','GrabFood','Driver : Halo, Pelanggan : Halo, sesuai maps ya!',0.3,'ZKNU798'),('GDR688','Jalan Hayam Wuruk','Tangerang','GrabFood','Driver : Halo, Pelanggan : Halo, sesuai maps ya!',1.3,'UCRV655'),('GFG360','Jalan Daan Mogot','Bekasi','GrabBike','Driver : Halo, Pelanggan : Halo, sesuai maps ya!',4.2,'JSBF618'),('GFP035','Jalan Profesor Dokter Satrio','Depok','GrabFood','Driver : Halo, Pelanggan : Halo, sesuai maps ya!',3.5,'BQCG610'),('GJF912','Jalan Jaksa','Makassar','GrabFood','Driver : Halo, Pelanggan : Halo, sesuai maps ya!',3.2,'WKQO605'),('GKW750','Jalan Angkasa','Palu','GrabBike','Driver : Halo, Pelanggan : Halo, sesuai maps ya!',1.3,'TUBQ661'),('GLQ661','Jalan Profesor Dokter Satrio','Prabumulih','GrabFood','Driver : Halo, Pelanggan : Halo, sesuai maps ya!',0.4,'MLZD377'),('GMH749','Jalan Kramat Raya','Parepare','GrabBike','Driver : Halo, Pelanggan : Halo, sesuai maps ya!',1.1,'PGGX770'),('GML692','Jalan Suryopranoto','Tangerang','GrabFood','Driver : Halo, Pelanggan : Halo, sesuai maps ya!',3.3,'ZRDJ806'),('GMR805','Jalan Medan Merdeka','Banjarmasin','GrabBike','Driver : Halo, Pelanggan : Halo, sesuai maps ya!',3.2,'WKJC576'),('GRM824','Jalan Bandengan','Ternate','GrabFood','Driver : Halo, Pelanggan : Halo, sesuai maps ya!',3.9,'JPRE579'),('GRO291','Jalan Salemba Raya','Banjarmasin','GrabBike','Driver : Halo, Pelanggan : Halo, sesuai maps ya!',0.3,'AMUY358'),('GSO511','Jalan Kyai Haji Wahid Hasyim','Tangerang Selatan','GrabBike','Driver : Halo, Pelanggan : Halo, sesuai maps ya!',0.7,'ENTN711'),('GTF351','Jalan Halim Perdanakusuma','Malang','GrabFood','Driver : Halo, Pelanggan : Halo, sesuai maps ya!',2.8,'INSL685'),('GXK797','Jalan Mayor Jenderal DI Panjaitan','Tanjungpinang','GrabFood','Driver : Halo, Pelanggan : Halo, sesuai maps ya!',4.6,'WCBY359'),('HCY760','Jalan Halim Perdanakusuma','Manado','GrabBike','Driver : Halo, Pelanggan : Halo, sesuai maps ya!',2.2,'EBVW297'),('HEI059','Jalan H. Imam Sapi\'ie','Samarinda','GrabFood','Driver : Halo, Pelanggan : Halo, sesuai maps ya!',1.2,'QUVI094'),('HEY367','Jalan Jaksa','Madiun','GrabFood','Driver : Halo, Pelanggan : Halo, sesuai maps ya!',2.5,'WKQO605'),('HEY484','Jalan Mangga Besar','Yogyakarta','GrabBike','Driver : Halo, Pelanggan : Halo, sesuai maps ya!',0.4,'LNWT727'),('HFL079','Jalan Raya Bogor','Lhokseumawe','GrabBike','Driver : Halo, Pelanggan : Halo, sesuai maps ya!',1.1,'DLKM834'),('HFM192','Jalan Profesor Dokter Satrio','Sabang','GrabBike','Driver : Halo, Pelanggan : Halo, sesuai maps ya!',3.6,'SWDP612'),('HFV066','Jalan Raya Bogor','Dumai','GrabBike','Driver : Halo, Pelanggan : Halo, sesuai maps ya!',4.3,'ZMHI379'),('HFV657','Jalan Medan Merdeka','Batu','GrabFood','Driver : Halo, Pelanggan : Halo, sesuai maps ya!',1,'PTBJ509'),('HJV361','Jalan Veteran','Tangerang Selatan','GrabBike','Driver : Halo, Pelanggan : Halo, sesuai maps ya!',4.4,'KMCK316'),('HLL052','Jalan Salemba Raya','Palu','GrabFood','Driver : Halo, Pelanggan : Halo, sesuai maps ya!',2.5,'PMHU386'),('HMV046','Jalan Mayor Jenderal Sutoyo','Bima','GrabBike','Driver : Halo, Pelanggan : Halo, sesuai maps ya!',1,'WIFD346'),('HSD344','Jalan Gajah Mada','Surabaya','GrabFood','Driver : Halo, Pelanggan : Halo, sesuai maps ya!',4.8,'JTQN184'),('HTA289','Jalan Letnan Jenderal MT Haryono','Pasuruan','GrabFood','Driver : Halo, Pelanggan : Halo, sesuai maps ya!',3.3,'QMUN318'),('HWM104','Jalan Raya Bogor','Jakarta Barat','GrabFood','Driver : Halo, Pelanggan : Halo, sesuai maps ya!',2,'GIIQ862'),('HXA076','Jalan Mayor Jenderal DI Panjaitan','Langsa','GrabFood','Driver : Halo, Pelanggan : Halo, sesuai maps ya!',2.3,'BQCG610'),('HXH178','Jalan Bandengan','Depok','GrabFood','Driver : Halo, Pelanggan : Halo, sesuai maps ya!',1.8,'FRHC761'),('HXS410','Jalan Mangga Besar','Serang','GrabFood','Driver : Halo, Pelanggan : Halo, sesuai maps ya!',3.5,'VOUL231'),('HYZ545','Jalan Raya Bogor','Sibolga','GrabFood','Driver : Halo, Pelanggan : Halo, sesuai maps ya!',1.2,'QJNI726'),('HZQ000','Jalan Raya Pasar Minggu','Cimahi','GrabBike','Driver : Halo, Pelanggan : Halo, sesuai maps ya!',2.8,'GBFF561'),('IAF117','Jalan Medan Merdeka','Lhokseumawe','GrabFood','Driver : Halo, Pelanggan : Halo, sesuai maps ya!',1.3,'GLAC982'),('IAZ213','Jalan Medan Merdeka','Bukittinggi','GrabFood','Driver : Halo, Pelanggan : Halo, sesuai maps ya!',0.8,'XIUC297'),('IBE171','Jalan Raya Bogor','Banda Aceh','GrabFood','Driver : Halo, Pelanggan : Halo, sesuai maps ya!',0.1,'HKAV558'),('ICL647','Jalan Medan Merdeka','Pagar Alam','GrabBike','Driver : Halo, Pelanggan : Halo, sesuai maps ya!',0.3,'QMUN318'),('ICU717','Jalan Raya Bogor','Pariaman','GrabFood','Driver : Halo, Pelanggan : Halo, sesuai maps ya!',0.1,'HKAV558'),('IDE590','Jalan Medan Merdeka','Semarang','GrabBike','Driver : Halo, Pelanggan : Halo, sesuai maps ya!',0.7,'QYSF155'),('IDO917','Jalan Halim Perdanakusuma','Parepare','GrabFood','Driver : Halo, Pelanggan : Halo, sesuai maps ya!',3.6,'XIUC297'),('IDW182','Jalan Letnan Jenderal S. Parman','Gunungsitoli','GrabFood','Driver : Halo, Pelanggan : Halo, sesuai maps ya!',4.8,'UABJ805'),('IEG087','Jalan Daan Mogot','Payakumbuh','GrabFood','Driver : Halo, Pelanggan : Halo, sesuai maps ya!',1.9,'TVCQ911'),('IFB985','Jalan Kramat Raya','Padang','GrabFood','Driver : Halo, Pelanggan : Halo, sesuai maps ya!',1.5,'WXJU923'),('IHA294','Jalan Jelakeng','Mojokerto','GrabBike','Driver : Halo, Pelanggan : Halo, sesuai maps ya!',2.7,'SWDP612'),('IJQ419','Jalan Mangga Besar','Denpasar','GrabFood','Driver : Halo, Pelanggan : Halo, sesuai maps ya!',1.4,'IGJE347'),('ILF850','Jalan Casablanca','Tomohon','GrabBike','Driver : Halo, Pelanggan : Halo, sesuai maps ya!',3.3,'PMHU386'),('ILY240','Jalan Jenderal Ahmad Yani','Pekanbaru','GrabBike','Driver : Halo, Pelanggan : Halo, sesuai maps ya!',2,'UCRV655'),('IMD995','Jalan Bandengan','Surabaya','GrabBike','Driver : Halo, Pelanggan : Halo, sesuai maps ya!',3.2,'WIFD346'),('INH609','Jalan Halim Perdanakusuma','Madiun','GrabFood','Driver : Halo, Pelanggan : Halo, sesuai maps ya!',0.9,'WIFD346'),('INW402','Jalan Mangga Besar','Parepare','GrabFood','Driver : Halo, Pelanggan : Halo, sesuai maps ya!',1,'CMXF360'),('IQU419','Jalan Letnan Jenderal MT Haryono','Prabumulih','GrabFood','Driver : Halo, Pelanggan : Halo, sesuai maps ya!',4.2,'YDOQ175'),('IRF610','Jalan Jelakeng','Gorontalo','GrabBike','Driver : Halo, Pelanggan : Halo, sesuai maps ya!',4.9,'DTGW086'),('IRR666','Jalan Jenderal Ahmad Yani','Padang','GrabFood','Driver : Halo, Pelanggan : Halo, sesuai maps ya!',2.9,'QUVI094'),('IRT616','Jalan Salemba Raya','Denpasar','GrabFood','Driver : Halo, Pelanggan : Halo, sesuai maps ya!',1.8,'PVVX426'),('IVG805','Jalan Jenderal Sudirman','Mojokerto','GrabFood','Driver : Halo, Pelanggan : Halo, sesuai maps ya!',1,'YQVZ203'),('IWF173','Jalan Gajah Mada','Bontang','GrabBike','Driver : Halo, Pelanggan : Halo, sesuai maps ya!',4.6,'XWXW820'),('IXG951','Jalan Kramat Raya','Bima','GrabBike','Driver : Halo, Pelanggan : Halo, sesuai maps ya!',3.1,'JPRE579'),('IXJ854','Jalan Salemba Raya','Pekanbaru','GrabFood','Driver : Halo, Pelanggan : Halo, sesuai maps ya!',2.8,'WKJC576'),('JBW072','Jalan Angkasa','Bontang','GrabBike','Driver : Halo, Pelanggan : Halo, sesuai maps ya!',0.5,'ISUV370'),('JDD347','Jalan Jelakeng','Pariaman','GrabBike','Driver : Halo, Pelanggan : Halo, sesuai maps ya!',4.2,'PGGX770'),('JDT261','Jalan Prapatan','Palopo','GrabFood','Driver : Halo, Pelanggan : Halo, sesuai maps ya!',4.6,'TFBK567'),('JES720','Jalan Hayam Wuruk','Bukittinggi','GrabBike','Driver : Halo, Pelanggan : Halo, sesuai maps ya!',2,'OMYO957'),('JFA148','Jalan Angkasa','Medan','GrabFood','Driver : Halo, Pelanggan : Halo, sesuai maps ya!',3.1,'WDHO029'),('JGT132','Jalan Jenderal Ahmad Yani','Tanjungbalai','GrabFood','Driver : Halo, Pelanggan : Halo, sesuai maps ya!',1.1,'ZAUY994'),('JHZ901','Jalan Pangeran Jayakarta','Semarang','GrabFood','Driver : Halo, Pelanggan : Halo, sesuai maps ya!',4.9,'PGGX770'),('JLJ493','Jalan Transyogi','Cirebon','GrabFood','Driver : Halo, Pelanggan : Halo, sesuai maps ya!',1.1,'VUED842'),('JND735','Jalan H. Imam Sapi\'ie','Cimahi','GrabBike','Driver : Halo, Pelanggan : Halo, sesuai maps ya!',4.2,'SWDP612'),('JPM425','Jalan Daan Mogot','Manado','GrabBike','Driver : Halo, Pelanggan : Halo, sesuai maps ya!',3.8,'ZAUY994'),('JTF916','Jalan Bandengan','Jayapura','GrabFood','Driver : Halo, Pelanggan : Halo, sesuai maps ya!',0.9,'ZEHO059'),('JTN670','Jalan Mangga Besar','Pekalongan','GrabFood','Driver : Halo, Pelanggan : Halo, sesuai maps ya!',4.4,'JPRE579'),('JVE352','Jalan Raya Pasar Minggu','Palopo','GrabBike','Driver : Halo, Pelanggan : Halo, sesuai maps ya!',2.2,'WKJC576'),('JVU053','Jalan Jelakeng','Kendari','GrabFood','Driver : Halo, Pelanggan : Halo, sesuai maps ya!',2.8,'FTOP007'),('JZJ196','Jalan Hayam Wuruk','Dumai','GrabBike','Driver : Halo, Pelanggan : Halo, sesuai maps ya!',1.6,'WZZH018'),('JZV021','Jalan Mangga Dua','Kendari','GrabFood','Driver : Halo, Pelanggan : Halo, sesuai maps ya!',2.1,'KMCK316'),('KBN719','Jalan Hayam Wuruk','Gorontalo','GrabBike','Driver : Halo, Pelanggan : Halo, sesuai maps ya!',2.1,'KMCK316'),('KDN432','Jalan Angkasa','Manado','GrabFood','Driver : Halo, Pelanggan : Halo, sesuai maps ya!',2.2,'NVNC512'),('KEE587','Jalan Letnan Jenderal S. Parman','Sungaipenuh','GrabFood','Driver : Halo, Pelanggan : Halo, sesuai maps ya!',0.2,'UXVE033'),('KFQ217','Jalan Salemba Raya','Jakarta Utara','GrabFood','Driver : Halo, Pelanggan : Halo, sesuai maps ya!',1.9,'JAQP228'),('KGG564','Jalan Raya Bogor','Tasikmalaya','GrabBike','Driver : Halo, Pelanggan : Halo, sesuai maps ya!',0,'XWXW820'),('KIK323','Jalan Medan Merdeka','Bukittinggi','GrabBike','Driver : Halo, Pelanggan : Halo, sesuai maps ya!',3.5,'CJQY163'),('KIU087','Jalan Casablanca','Banjar','GrabBike','Driver : Halo, Pelanggan : Halo, sesuai maps ya!',4.5,'UCRV655'),('KLA223','Jalan Raya Bogor','Samarinda','GrabFood','Driver : Halo, Pelanggan : Halo, sesuai maps ya!',3.4,'PTBJ509'),('KLD312','Jalan Kramat Raya','Salatiga','GrabBike','Driver : Halo, Pelanggan : Halo, sesuai maps ya!',4.7,'FRHC761'),('KMK796','Jalan Profesor Dokter Satrio','Payakumbuh','GrabFood','Driver : Halo, Pelanggan : Halo, sesuai maps ya!',1.8,'OMYO957'),('KPY609','Jalan Profesor Dokter Satrio','Bandung','GrabBike','Driver : Halo, Pelanggan : Halo, sesuai maps ya!',2.5,'XOSA707'),('KPZ642','Jalan Veteran','Semarang','GrabBike','Driver : Halo, Pelanggan : Halo, sesuai maps ya!',0.3,'LSUJ408'),('KQH661','Jalan Mayor Jenderal DI Panjaitan','Banda Aceh','GrabBike','Driver : Halo, Pelanggan : Halo, sesuai maps ya!',2.7,'UXVE033'),('KTG588','Jalan Salemba Raya','Cimahi','GrabFood','Driver : Halo, Pelanggan : Halo, sesuai maps ya!',3.2,'UABJ805'),('KVT815','Jalan Raya Pasar Minggu','Makassar','GrabFood','Driver : Halo, Pelanggan : Halo, sesuai maps ya!',4.4,'ISUV370'),('KWV721','Jalan Bandengan','Subulussalam','GrabFood','Driver : Halo, Pelanggan : Halo, sesuai maps ya!',1.6,'YQVZ203'),('KXW014','Jalan Transyogi','Tanjungbalai','GrabFood','Driver : Halo, Pelanggan : Halo, sesuai maps ya!',2.2,'DIFN998'),('KYH623','Jalan Kramat Raya','Langsa','GrabBike','Driver : Halo, Pelanggan : Halo, sesuai maps ya!',4.8,'PQRA160'),('KYP164','Jalan Mayor Jenderal DI Panjaitan','Parepare','GrabBike','Driver : Halo, Pelanggan : Halo, sesuai maps ya!',4.4,'IHIF614'),('LAZ778','Jalan Asia Afrika','Kediri','GrabBike','Driver : Halo, Pelanggan : Halo, sesuai maps ya!',1.5,'UOYS050'),('LCA998','Jalan Kyai Haji Wahid Hasyim','Padang','GrabFood','Driver : Halo, Pelanggan : Halo, sesuai maps ya!',2.5,'ZAUY994'),('LCX725','Jalan Mayor Jenderal Sutoyo','Lubuklinggau','GrabFood','Driver : Halo, Pelanggan : Halo, sesuai maps ya!',4.9,'YDOQ175'),('LDI560','Jalan Letnan Jenderal MT Haryono','Singkawang','GrabBike','Driver : Halo, Pelanggan : Halo, sesuai maps ya!',2.2,'MKUU863'),('LDJ186','Jalan Casablanca','Tomohon','GrabFood','Driver : Halo, Pelanggan : Halo, sesuai maps ya!',0.9,'ZKNU798'),('LEG748','Jalan Bandengan','Medan','GrabBike','Driver : Halo, Pelanggan : Halo, sesuai maps ya!',1.2,'YMIA914'),('LEH866','Jalan Prapatan','Gorontalo','GrabBike','Driver : Halo, Pelanggan : Halo, sesuai maps ya!',3.7,'OMYO957'),('LFG843','Jalan Prapatan','Salatiga','GrabFood','Driver : Halo, Pelanggan : Halo, sesuai maps ya!',2.7,'VOUL231'),('LGH867','Jalan Profesor Dokter Satrio','Binjai','GrabFood','Driver : Halo, Pelanggan : Halo, sesuai maps ya!',4.8,'ZSIM473'),('LKI304','Jalan Laksamana Yos Sudarso','Pagar Alam','GrabFood','Driver : Halo, Pelanggan : Halo, sesuai maps ya!',3.5,'PVVX426'),('LMQ168','Jalan Gajah Mada','Tegal','GrabBike','Driver : Halo, Pelanggan : Halo, sesuai maps ya!',2,'PAOX372'),('LON046','Jalan Mangga Besar','Padang Sidempuan','GrabFood','Driver : Halo, Pelanggan : Halo, sesuai maps ya!',0.1,'JEIH190'),('LPN026','Jalan Kramat Raya','Mataram','GrabBike','Driver : Halo, Pelanggan : Halo, sesuai maps ya!',0,'WCEJ484'),('LQX115','Jalan H. Imam Sapi\'ie','Padang Panjang','GrabFood','Driver : Halo, Pelanggan : Halo, sesuai maps ya!',0.9,'JPRE579'),('LRK483','Jalan Pangeran Jayakarta','Kupang','GrabFood','Driver : Halo, Pelanggan : Halo, sesuai maps ya!',2.2,'CJQY163'),('LRO439','Jalan Jaksa','Mojokerto','GrabFood','Driver : Halo, Pelanggan : Halo, sesuai maps ya!',0.2,'WIFD346'),('LUH837','Jalan Medan Merdeka','Padang Sidempuan','GrabBike','Driver : Halo, Pelanggan : Halo, sesuai maps ya!',2.9,'UROP328'),('LUP578','Jalan Jenderal Ahmad Yani','Sungaipenuh','GrabFood','Driver : Halo, Pelanggan : Halo, sesuai maps ya!',1.5,'IHIF614'),('LXV699','Jalan Angkasa','Padang Sidempuan','GrabFood','Driver : Halo, Pelanggan : Halo, sesuai maps ya!',3,'NQBV627'),('LXY141','Jalan Asia Afrika','Tarakan','GrabFood','Driver : Halo, Pelanggan : Halo, sesuai maps ya!',2.2,'QUEJ601'),('LYA593','Jalan Mayor Jenderal DI Panjaitan','Makassar','GrabFood','Driver : Halo, Pelanggan : Halo, sesuai maps ya!',1.2,'CMXF360'),('LZH216','Jalan Jelakeng','Parepare','GrabFood','Driver : Halo, Pelanggan : Halo, sesuai maps ya!',1.2,'UCRV655'),('LZQ758','Jalan Hayam Wuruk','Denpasar','GrabBike','Driver : Halo, Pelanggan : Halo, sesuai maps ya!',0.5,'FOMY737'),('LZS606','Jalan Letnan Jenderal MT Haryono','Pematangsiantar','GrabBike','Driver : Halo, Pelanggan : Halo, sesuai maps ya!',4.4,'KMCK316'),('MAK489','Jalan Hayam Wuruk','Prabumulih','GrabBike','Driver : Halo, Pelanggan : Halo, sesuai maps ya!',3.9,'RWOR873'),('MAX205','Jalan Halim Perdanakusuma','Pekalongan','GrabFood','Driver : Halo, Pelanggan : Halo, sesuai maps ya!',1.5,'TUBQ661'),('MDX097','Jalan Casablanca','Surabaya','GrabFood','Driver : Halo, Pelanggan : Halo, sesuai maps ya!',1.8,'ZMHI379'),('MEY600','Jalan Hayam Wuruk','Surabaya','GrabFood','Driver : Halo, Pelanggan : Halo, sesuai maps ya!',2.6,'WIFD346'),('MFG189','Jalan Kyai Haji Wahid Hasyim','Dumai','GrabFood','Driver : Halo, Pelanggan : Halo, sesuai maps ya!',0.5,'IJTG903'),('MGB047','Jalan Halim Perdanakusuma','Madiun','GrabFood','Driver : Halo, Pelanggan : Halo, sesuai maps ya!',0.6,'WDHO029'),('MGS115','Jalan Jenderal Ahmad Yani','Sabang','GrabFood','Driver : Halo, Pelanggan : Halo, sesuai maps ya!',3.8,'XWXW820'),('MHQ353','Jalan H. Imam Sapi\'ie','Tegal','GrabBike','Driver : Halo, Pelanggan : Halo, sesuai maps ya!',1.5,'NDLU607'),('MIA354','Jalan Profesor Dokter Satrio','Tarakan','GrabBike','Driver : Halo, Pelanggan : Halo, sesuai maps ya!',2.7,'NVNC512'),('MII063','Jalan Jaksa','Dumai','GrabFood','Driver : Halo, Pelanggan : Halo, sesuai maps ya!',0,'QKPP411'),('MJW657','Jalan Gajah Mada','Mataram','GrabFood','Driver : Halo, Pelanggan : Halo, sesuai maps ya!',3.9,'PVVX426'),('MKT050','Jalan Mangga Dua','Tanjungpinang','GrabBike','Driver : Halo, Pelanggan : Halo, sesuai maps ya!',1.6,'IOQT632'),('MNG279','Jalan Suryopranoto','Pontianak','GrabBike','Driver : Halo, Pelanggan : Halo, sesuai maps ya!',2.9,'VOUL231'),('MOO466','Jalan Laksamana Yos Sudarso','Cilegon','GrabBike','Driver : Halo, Pelanggan : Halo, sesuai maps ya!',4.2,'BZWZ474'),('MRP215','Jalan Asia Afrika','Sawahlunto','GrabFood','Driver : Halo, Pelanggan : Halo, sesuai maps ya!',1.7,'XZFT108'),('MRR222','Jalan Jenderal Ahmad Yani','Sabang','GrabFood','Driver : Halo, Pelanggan : Halo, sesuai maps ya!',3,'OYHI263'),('MTN610','Jalan Raya Bogor','Tidore Kepulauan','GrabFood','Driver : Halo, Pelanggan : Halo, sesuai maps ya!',2,'BUTI919'),('NAS138','Jalan Letnan Jenderal MT Haryono','Palembang','GrabBike','Driver : Halo, Pelanggan : Halo, sesuai maps ya!',1,'PVVX426'),('NCN424','Jalan Kyai Haji Wahid Hasyim','Sorong','GrabBike','Driver : Halo, Pelanggan : Halo, sesuai maps ya!',3.9,'FUZD051'),('NEG707','Jalan Mangga Dua','Bukittinggi','GrabFood','Driver : Halo, Pelanggan : Halo, sesuai maps ya!',1.7,'NDLU607'),('NIS668','Jalan Suryopranoto','Bitung','GrabBike','Driver : Halo, Pelanggan : Halo, sesuai maps ya!',2.8,'QUVI094'),('NLD812','Jalan Asia Afrika','Bekasi','GrabFood','Driver : Halo, Pelanggan : Halo, sesuai maps ya!',3.6,'OKQN924'),('NMJ559','Jalan Transyogi','Manado','GrabBike','Driver : Halo, Pelanggan : Halo, sesuai maps ya!',3.4,'QUEJ601'),('NMN418','Jalan Mayor Jenderal Sutoyo','Tegal','GrabBike','Driver : Halo, Pelanggan : Halo, sesuai maps ya!',4.6,'EMWU303'),('NOB651','Jalan Halim Perdanakusuma','Jakarta Pusat','GrabBike','Driver : Halo, Pelanggan : Halo, sesuai maps ya!',1.6,'FCNY055'),('NOX525','Jalan Jenderal Ahmad Yani','Bekasi','GrabBike','Driver : Halo, Pelanggan : Halo, sesuai maps ya!',4.4,'MKUU863'),('NQS112','Jalan Kyai Haji Wahid Hasyim','Gorontalo','GrabFood','Driver : Halo, Pelanggan : Halo, sesuai maps ya!',5,'YGLE819'),('NTR707','Jalan H. Imam Sapi\'ie','Yogyakarta','GrabFood','Driver : Halo, Pelanggan : Halo, sesuai maps ya!',1.7,'JPRE579'),('NUS242','Jalan Suryopranoto','Tarakan','GrabBike','Driver : Halo, Pelanggan : Halo, sesuai maps ya!',5,'EBVW297'),('NVJ931','Jalan Profesor Dokter Satrio','Padang Sidempuan','GrabFood','Driver : Halo, Pelanggan : Halo, sesuai maps ya!',0.8,'KFEC215'),('NWA004','Jalan Profesor Dokter Satrio','Mojokerto','GrabBike','Driver : Halo, Pelanggan : Halo, sesuai maps ya!',1.4,'GIIQ862'),('NWA449','Jalan Asia Afrika','Tangerang','GrabBike','Driver : Halo, Pelanggan : Halo, sesuai maps ya!',0.8,'THBM438'),('NWO688','Jalan Angkasa','Langsa','GrabBike','Driver : Halo, Pelanggan : Halo, sesuai maps ya!',4.9,'PLGW598'),('NXP967','Jalan Raya Pasar Minggu','Sibolga','GrabBike','Driver : Halo, Pelanggan : Halo, sesuai maps ya!',4,'THBM438'),('OAI813','Jalan Kyai Haji Wahid Hasyim','Blitar','GrabBike','Driver : Halo, Pelanggan : Halo, sesuai maps ya!',2.5,'TAUU578'),('OAS648','Jalan Angkasa','Serang','GrabBike','Driver : Halo, Pelanggan : Halo, sesuai maps ya!',1.7,'ELQW728'),('ODN744','Jalan Laksamana Yos Sudarso','Dumai','GrabFood','Driver : Halo, Pelanggan : Halo, sesuai maps ya!',1.8,'PQRA160'),('OEA714','Jalan Prapatan','Bandar Lampung','GrabBike','Driver : Halo, Pelanggan : Halo, sesuai maps ya!',4.9,'KFEC215'),('OES817','Jalan Kramat Raya','Tebing Tinggi','GrabFood','Driver : Halo, Pelanggan : Halo, sesuai maps ya!',4.2,'HPZU613'),('OEY521','Jalan Raya Pasar Minggu','Tidore Kepulauan','GrabBike','Driver : Halo, Pelanggan : Halo, sesuai maps ya!',1.9,'YSJQ675'),('OGG074','Jalan Letnan Jenderal S. Parman','Surakarta','GrabFood','Driver : Halo, Pelanggan : Halo, sesuai maps ya!',1.7,'ZRDJ806'),('OGQ315','Jalan Mangga Dua','Bekasi','GrabFood','Driver : Halo, Pelanggan : Halo, sesuai maps ya!',4.9,'JAQP228'),('OHD920','Jalan Veteran','Sawahlunto','GrabFood','Driver : Halo, Pelanggan : Halo, sesuai maps ya!',4.1,'LHON581'),('OIW400','Jalan Bandengan','Jakarta Barat','GrabFood','Driver : Halo, Pelanggan : Halo, sesuai maps ya!',1,'VUED842'),('OLT274','Jalan Salemba Raya','Palembang','GrabBike','Driver : Halo, Pelanggan : Halo, sesuai maps ya!',3.3,'ESTZ536'),('OMN689','Jalan Jaksa','Tangerang','GrabBike','Driver : Halo, Pelanggan : Halo, sesuai maps ya!',4,'AMUY358'),('OMW723','Jalan Laksamana Yos Sudarso','Makassar','GrabBike','Driver : Halo, Pelanggan : Halo, sesuai maps ya!',1.7,'ZEHO059'),('ONU578','Jalan Hayam Wuruk','Sorong','GrabBike','Driver : Halo, Pelanggan : Halo, sesuai maps ya!',2.2,'WZZH018'),('OOA432','Jalan H. Imam Sapi\'ie','Bogor','GrabFood','Driver : Halo, Pelanggan : Halo, sesuai maps ya!',2.9,'KMCK316'),('OOW335','Jalan Transyogi','Probolinggo','GrabFood','Driver : Halo, Pelanggan : Halo, sesuai maps ya!',2.3,'JEIH190'),('OPX580','Jalan Bandengan','Banjar','GrabFood','Driver : Halo, Pelanggan : Halo, sesuai maps ya!',0.6,'JAQP228'),('OSF358','Jalan Raya Pasar Minggu','Mojokerto','GrabFood','Driver : Halo, Pelanggan : Halo, sesuai maps ya!',4.9,'THBM438'),('OSR917','Jalan Suryopranoto','Dumai','GrabBike','Driver : Halo, Pelanggan : Halo, sesuai maps ya!',2.3,'YDOQ175'),('OTR028','Jalan Halim Perdanakusuma','Payakumbuh','GrabBike','Driver : Halo, Pelanggan : Halo, sesuai maps ya!',0.4,'MLZD377'),('OVN688','Jalan Laksamana Yos Sudarso','Tarakan','GrabBike','Driver : Halo, Pelanggan : Halo, sesuai maps ya!',3.3,'PGGX770'),('OWF812','Jalan Asia Afrika','Gunungsitoli','GrabFood','Driver : Halo, Pelanggan : Halo, sesuai maps ya!',3.1,'INSL685'),('OXZ288','Jalan Jelakeng','Jakarta Pusat','GrabBike','Driver : Halo, Pelanggan : Halo, sesuai maps ya!',4.5,'PGGX770'),('OZG783','Jalan Halim Perdanakusuma','Batam','GrabBike','Driver : Halo, Pelanggan : Halo, sesuai maps ya!',4.7,'GBFF561'),('PBP747','Jalan Jaksa','Binjai','GrabBike','Driver : Halo, Pelanggan : Halo, sesuai maps ya!',4.1,'THBM438'),('PDR854','Jalan Mangga Dua','Pekanbaru','GrabFood','Driver : Halo, Pelanggan : Halo, sesuai maps ya!',4.3,'FCNY055'),('PDZ285','Jalan Profesor Dokter Satrio','Tanjungpinang','GrabFood','Driver : Halo, Pelanggan : Halo, sesuai maps ya!',0.7,'HNJL193'),('PEU349','Jalan Mangga Besar','Medan','GrabBike','Driver : Halo, Pelanggan : Halo, sesuai maps ya!',2.1,'GIIQ862'),('PEZ079','Jalan Prapatan','Sabang','GrabFood','Driver : Halo, Pelanggan : Halo, sesuai maps ya!',3.5,'QMUN318'),('PFO315','Jalan Jelakeng','Palangka Raya','GrabFood','Driver : Halo, Pelanggan : Halo, sesuai maps ya!',1.4,'HPZU613'),('PHP466','Jalan Halim Perdanakusuma','Langsa','GrabFood','Driver : Halo, Pelanggan : Halo, sesuai maps ya!',3.3,'TJYQ826'),('PHW712','Jalan Jenderal Ahmad Yani','Surakarta','GrabFood','Driver : Halo, Pelanggan : Halo, sesuai maps ya!',3.3,'UQGX266'),('PJI115','Jalan Mangga Besar','Tual','GrabBike','Driver : Halo, Pelanggan : Halo, sesuai maps ya!',2.4,'NRTA024'),('PJN820','Jalan Mangga Dua','Bukittinggi','GrabFood','Driver : Halo, Pelanggan : Halo, sesuai maps ya!',4,'VWMW126'),('PJW515','Jalan Veteran','Makassar','GrabBike','Driver : Halo, Pelanggan : Halo, sesuai maps ya!',3.9,'QYSF155'),('PKB161','Jalan Halim Perdanakusuma','Pontianak','GrabFood','Driver : Halo, Pelanggan : Halo, sesuai maps ya!',2.3,'FPSI963'),('PMV099','Jalan Hayam Wuruk','Sorong','GrabBike','Driver : Halo, Pelanggan : Halo, sesuai maps ya!',4.5,'TVCQ911'),('PMV309','Jalan Mangga Besar','Samarinda','GrabFood','Driver : Halo, Pelanggan : Halo, sesuai maps ya!',1.1,'TVCQ911'),('POZ600','Jalan Letnan Jenderal S. Parman','Binjai','GrabBike','Driver : Halo, Pelanggan : Halo, sesuai maps ya!',3.6,'QUVI094'),('PQS190','Jalan Prapatan','Tarakan','GrabBike','Driver : Halo, Pelanggan : Halo, sesuai maps ya!',4.9,'BDRX936'),('PUB658','Jalan Profesor Dokter Satrio','Parepare','GrabFood','Driver : Halo, Pelanggan : Halo, sesuai maps ya!',3.1,'WCEJ484'),('PYK607','Jalan Pangeran Jayakarta','Samarinda','GrabBike','Driver : Halo, Pelanggan : Halo, sesuai maps ya!',2.9,'HNJL193'),('PYK846','Jalan Pangeran Jayakarta','Cimahi','GrabFood','Driver : Halo, Pelanggan : Halo, sesuai maps ya!',1.5,'ZRDJ806'),('PZG426','Jalan Halim Perdanakusuma','Bekasi','GrabFood','Driver : Halo, Pelanggan : Halo, sesuai maps ya!',3.7,'MKUU863'),('QAC801','Jalan Daan Mogot','Ternate','GrabFood','Driver : Halo, Pelanggan : Halo, sesuai maps ya!',3.1,'KMCK316'),('QDH599','Jalan Suryopranoto','Cilegon','GrabBike','Driver : Halo, Pelanggan : Halo, sesuai maps ya!',4.1,'IRQC713'),('QEA125','Jalan Profesor Dokter Satrio','Sungaipenuh','GrabFood','Driver : Halo, Pelanggan : Halo, sesuai maps ya!',0.4,'GLAC982'),('QFX054','Jalan Pangeran Jayakarta','Banjar','GrabFood','Driver : Halo, Pelanggan : Halo, sesuai maps ya!',4,'EBVW297'),('QGN265','Jalan Jenderal Sudirman','Mojokerto','GrabFood','Driver : Halo, Pelanggan : Halo, sesuai maps ya!',4.7,'TFBK567'),('QKV250','Jalan Asia Afrika','Prabumulih','GrabBike','Driver : Halo, Pelanggan : Halo, sesuai maps ya!',1.3,'JEIH190'),('QKW245','Jalan H. Imam Sapi\'ie','Bogor','GrabBike','Driver : Halo, Pelanggan : Halo, sesuai maps ya!',0.1,'GHWO440'),('QNM484','Jalan Mayor Jenderal Sutoyo','Pontianak','GrabFood','Driver : Halo, Pelanggan : Halo, sesuai maps ya!',0.6,'FOMY737'),('QQL853','Jalan Casablanca','Baubau','GrabBike','Driver : Halo, Pelanggan : Halo, sesuai maps ya!',0.9,'BZWZ474'),('QSJ921','Jalan Laksamana Yos Sudarso','Pariaman','GrabFood','Driver : Halo, Pelanggan : Halo, sesuai maps ya!',3.7,'XWXW820'),('QSQ266','Jalan Jenderal Sudirman','Jakarta Selatan','GrabBike','Driver : Halo, Pelanggan : Halo, sesuai maps ya!',0.5,'PWCI132'),('QUC771','Jalan Mayor Jenderal DI Panjaitan','Tasikmalaya','GrabBike','Driver : Halo, Pelanggan : Halo, sesuai maps ya!',4.8,'TAUU578'),('QUO943','Jalan Mayor Jenderal Sutoyo','Balikpapan','GrabFood','Driver : Halo, Pelanggan : Halo, sesuai maps ya!',3.4,'WXJU923'),('RAN813','Jalan Letnan Jenderal MT Haryono','Tasikmalaya','GrabFood','Driver : Halo, Pelanggan : Halo, sesuai maps ya!',4.1,'JTQN184'),('RDD823','Jalan Jenderal Sudirman','Lhokseumawe','GrabBike','Driver : Halo, Pelanggan : Halo, sesuai maps ya!',1.7,'UXVE033'),('RFV065','Jalan Prapatan','Balikpapan','GrabBike','Driver : Halo, Pelanggan : Halo, sesuai maps ya!',4.1,'FCNY055'),('RGI935','Jalan Jenderal Sudirman','Ambon','GrabBike','Driver : Halo, Pelanggan : Halo, sesuai maps ya!',1.4,'OMYO957'),('RIE520','Jalan Salemba Raya','Sungaipenuh','GrabBike','Driver : Halo, Pelanggan : Halo, sesuai maps ya!',1,'YSJQ675'),('RJH951','Jalan Jenderal Sudirman','Sibolga','GrabFood','Driver : Halo, Pelanggan : Halo, sesuai maps ya!',1.7,'BDRX936'),('RKE376','Jalan Asia Afrika','Sibolga','GrabBike','Driver : Halo, Pelanggan : Halo, sesuai maps ya!',0.7,'UROP328'),('RKO489','Jalan Letnan Jenderal MT Haryono','Padang','GrabFood','Driver : Halo, Pelanggan : Halo, sesuai maps ya!',3.7,'ANUX468'),('RKZ257','Jalan Laksamana Yos Sudarso','Tomohon','GrabFood','Driver : Halo, Pelanggan : Halo, sesuai maps ya!',0.5,'PWCI132'),('RLC410','Jalan Letnan Jenderal S. Parman','Mataram','GrabFood','Driver : Halo, Pelanggan : Halo, sesuai maps ya!',0.6,'QKPP411'),('RLH480','Jalan Letnan Jenderal MT Haryono','Jayapura','GrabFood','Driver : Halo, Pelanggan : Halo, sesuai maps ya!',3.7,'JAQP228'),('ROH316','Jalan Mangga Dua','Madiun','GrabFood','Driver : Halo, Pelanggan : Halo, sesuai maps ya!',3.3,'YMIA914'),('RSJ806','Jalan Medan Merdeka','Jakarta Utara','GrabFood','Driver : Halo, Pelanggan : Halo, sesuai maps ya!',4.2,'QZFZ770'),('RSO744','Jalan H. Imam Sapi\'ie','Sabang','GrabBike','Driver : Halo, Pelanggan : Halo, sesuai maps ya!',3.1,'SGBB470'),('RTX840','Jalan Mangga Dua','Depok','GrabBike','Driver : Halo, Pelanggan : Halo, sesuai maps ya!',2.8,'UCRV655'),('RTZ396','Jalan Kramat Raya','Balikpapan','GrabFood','Driver : Halo, Pelanggan : Halo, sesuai maps ya!',2.1,'ISUV370'),('RUR568','Jalan Mangga Besar','Lubuklinggau','GrabFood','Driver : Halo, Pelanggan : Halo, sesuai maps ya!',2.4,'QZFZ770'),('RWZ577','Jalan Mayor Jenderal DI Panjaitan','Jakarta Barat','GrabFood','Driver : Halo, Pelanggan : Halo, sesuai maps ya!',3.3,'ISUV370'),('SAJ596','Jalan Raya Pasar Minggu','Banjar','GrabBike','Driver : Halo, Pelanggan : Halo, sesuai maps ya!',2.5,'WDHO029'),('SBE670','Jalan Letnan Jenderal S. Parman','Kupang','GrabFood','Driver : Halo, Pelanggan : Halo, sesuai maps ya!',0,'TVCQ911'),('SDD681','Jalan Hayam Wuruk','Jakarta Pusat','GrabFood','Driver : Halo, Pelanggan : Halo, sesuai maps ya!',1.6,'UQGX266'),('SFI380','Jalan Raya Bogor','Singkawang','GrabFood','Driver : Halo, Pelanggan : Halo, sesuai maps ya!',3.7,'PVVX426'),('SGA815','Jalan Veteran','Banjarbaru','GrabFood','Driver : Halo, Pelanggan : Halo, sesuai maps ya!',0.7,'YQDH477'),('SGR775','Jalan Letnan Jenderal MT Haryono','Padang','GrabBike','Driver : Halo, Pelanggan : Halo, sesuai maps ya!',4.8,'AFJC315'),('SGY258','Jalan Laksamana Yos Sudarso','Malang','GrabFood','Driver : Halo, Pelanggan : Halo, sesuai maps ya!',0.9,'TKVJ893'),('SHP340','Jalan Kramat Raya','Payakumbuh','GrabBike','Driver : Halo, Pelanggan : Halo, sesuai maps ya!',2.5,'NDLU607'),('SLN889','Jalan Pangeran Jayakarta','Baubau','GrabFood','Driver : Halo, Pelanggan : Halo, sesuai maps ya!',1.7,'MKUU863'),('SND884','Jalan Kyai Haji Wahid Hasyim','Binjai','GrabFood','Driver : Halo, Pelanggan : Halo, sesuai maps ya!',4,'DMVA129'),('SOH439','Jalan Pangeran Jayakarta','Surakarta','GrabFood','Driver : Halo, Pelanggan : Halo, sesuai maps ya!',1.9,'GBFF561'),('SOV653','Jalan Medan Merdeka','Banjarmasin','GrabFood','Driver : Halo, Pelanggan : Halo, sesuai maps ya!',2.8,'FCNY055'),('SQF785','Jalan Mangga Dua','Cilegon','GrabFood','Driver : Halo, Pelanggan : Halo, sesuai maps ya!',2.3,'HPZU613'),('SRK148','Jalan Salemba Raya','Semarang','GrabBike','Driver : Halo, Pelanggan : Halo, sesuai maps ya!',1,'FRHC761'),('SSP447','Jalan Transyogi','Sawahlunto','GrabFood','Driver : Halo, Pelanggan : Halo, sesuai maps ya!',1.8,'ENTN711'),('STC419','Jalan Jelakeng','Bengkulu','GrabFood','Driver : Halo, Pelanggan : Halo, sesuai maps ya!',4,'PLGW598'),('SUI506','Jalan Veteran','Cirebon','GrabBike','Driver : Halo, Pelanggan : Halo, sesuai maps ya!',2.3,'YHOY181'),('SUK364','Jalan Mayor Jenderal DI Panjaitan','Tanjungpinang','GrabFood','Driver : Halo, Pelanggan : Halo, sesuai maps ya!',3,'QUVI094'),('SVU353','Jalan Jaksa','Pagar Alam','GrabBike','Driver : Halo, Pelanggan : Halo, sesuai maps ya!',1.8,'QUEJ601'),('SYY830','Jalan Kyai Haji Wahid Hasyim','Yogyakarta','GrabFood','Driver : Halo, Pelanggan : Halo, sesuai maps ya!',3.2,'SYCM229'),('TBP352','Jalan Raya Pasar Minggu','Banda Aceh','GrabFood','Driver : Halo, Pelanggan : Halo, sesuai maps ya!',4.5,'QMUN318'),('TCL452','Jalan Mangga Dua','Padang','GrabFood','Driver : Halo, Pelanggan : Halo, sesuai maps ya!',0.6,'LVFO993'),('TCR861','Jalan Veteran','Bima','GrabBike','Driver : Halo, Pelanggan : Halo, sesuai maps ya!',3.7,'VWMW126'),('TEP762','Jalan Medan Merdeka','Palembang','GrabBike','Driver : Halo, Pelanggan : Halo, sesuai maps ya!',1.7,'IOQT632'),('TFL357','Jalan Mayor Jenderal Sutoyo','Langsa','GrabBike','Driver : Halo, Pelanggan : Halo, sesuai maps ya!',3.4,'PTBJ509'),('THG892','Jalan Angkasa','Sukabumi','GrabBike','Driver : Halo, Pelanggan : Halo, sesuai maps ya!',2.2,'WCBY359'),('TMK350','Jalan Hayam Wuruk','Depok','GrabFood','Driver : Halo, Pelanggan : Halo, sesuai maps ya!',3.7,'WZZH018'),('TOG662','Jalan Laksamana Yos Sudarso','Cilegon','GrabBike','Driver : Halo, Pelanggan : Halo, sesuai maps ya!',1.9,'LSUJ408'),('TOM844','Jalan Bandengan','Tanjungpinang','GrabBike','Driver : Halo, Pelanggan : Halo, sesuai maps ya!',3.1,'QKPP411'),('TQW457','Jalan Mangga Besar','Makassar','GrabBike','Driver : Halo, Pelanggan : Halo, sesuai maps ya!',3.6,'PZKN297'),('TRP918','Jalan Prapatan','Bima','GrabFood','Driver : Halo, Pelanggan : Halo, sesuai maps ya!',1.1,'JEIH190'),('TUR657','Jalan Raya Bogor','Banjar','GrabFood','Driver : Halo, Pelanggan : Halo, sesuai maps ya!',1.6,'ENTN711'),('TUS853','Jalan Kramat Raya','Pasuruan','GrabBike','Driver : Halo, Pelanggan : Halo, sesuai maps ya!',0.8,'GKHH979'),('TVG647','Jalan Jenderal Sudirman','Padang Sidempuan','GrabFood','Driver : Halo, Pelanggan : Halo, sesuai maps ya!',1.9,'ENTN711'),('TVO741','Jalan Veteran','Pekalongan','GrabFood','Driver : Halo, Pelanggan : Halo, sesuai maps ya!',3.8,'PGGX770'),('TWK448','Jalan Salemba Raya','Cirebon','GrabFood','Driver : Halo, Pelanggan : Halo, sesuai maps ya!',1,'NRTA024'),('TXK966','Jalan Suryopranoto','Pangkalpinang','GrabFood','Driver : Halo, Pelanggan : Halo, sesuai maps ya!',3.3,'PWCI132'),('TYQ924','Jalan Letnan Jenderal S. Parman','Tangerang Selatan','GrabFood','Driver : Halo, Pelanggan : Halo, sesuai maps ya!',3.5,'YBAK787'),('TZK784','Jalan Transyogi','Medan','GrabFood','Driver : Halo, Pelanggan : Halo, sesuai maps ya!',2,'KFEC215'),('TZL167','Jalan Asia Afrika','Tidore Kepulauan','GrabBike','Driver : Halo, Pelanggan : Halo, sesuai maps ya!',3.1,'JEIH190'),('TZN791','Jalan Suryopranoto','Madiun','GrabBike','Driver : Halo, Pelanggan : Halo, sesuai maps ya!',0.3,'YSJQ675'),('TZR856','Jalan Pangeran Jayakarta','Tangerang Selatan','GrabBike','Driver : Halo, Pelanggan : Halo, sesuai maps ya!',3.9,'ANUX468'),('UCC010','Jalan Jaksa','Madiun','GrabBike','Driver : Halo, Pelanggan : Halo, sesuai maps ya!',1.5,'UPRD170'),('UCW259','Jalan Asia Afrika','Bontang','GrabBike','Driver : Halo, Pelanggan : Halo, sesuai maps ya!',3.7,'ZSIM473'),('UES575','Jalan Kyai Haji Wahid Hasyim','Payakumbuh','GrabBike','Driver : Halo, Pelanggan : Halo, sesuai maps ya!',3.2,'YDOQ175'),('UFB045','Jalan Raya Pasar Minggu','Mataram','GrabFood','Driver : Halo, Pelanggan : Halo, sesuai maps ya!',0.9,'UCRV655'),('UFU505','Jalan Raya Pasar Minggu','Probolinggo','GrabBike','Driver : Halo, Pelanggan : Halo, sesuai maps ya!',4.3,'OYHI263'),('UFX484','Jalan Jaksa','Binjai','GrabFood','Driver : Halo, Pelanggan : Halo, sesuai maps ya!',0.3,'HGIF346'),('UHW557','Jalan Laksamana Yos Sudarso','Palangka Raya','GrabFood','Driver : Halo, Pelanggan : Halo, sesuai maps ya!',4.2,'BVMK218'),('UIJ184','Jalan Transyogi','Serang','GrabFood','Driver : Halo, Pelanggan : Halo, sesuai maps ya!',4.8,'QRRO443'),('UJF912','Jalan Prapatan','Tanjungbalai','GrabFood','Driver : Halo, Pelanggan : Halo, sesuai maps ya!',4.8,'XWXW820'),('UJR371','Jalan Angkasa','Bengkulu','GrabFood','Driver : Halo, Pelanggan : Halo, sesuai maps ya!',5,'LCFT522'),('UKC286','Jalan Mayor Jenderal DI Panjaitan','Gorontalo','GrabFood','Driver : Halo, Pelanggan : Halo, sesuai maps ya!',0.2,'QUVI094'),('UMQ023','Jalan Bandengan','Batu','GrabBike','Driver : Halo, Pelanggan : Halo, sesuai maps ya!',3.1,'NQBV627'),('UPU049','Jalan Daan Mogot','Semarang','GrabBike','Driver : Halo, Pelanggan : Halo, sesuai maps ya!',3.2,'AFJC315'),('USP361','Jalan Suryopranoto','Bogor','GrabBike','Driver : Halo, Pelanggan : Halo, sesuai maps ya!',2.1,'HKAV558'),('UUJ521','Jalan Mangga Besar','Payakumbuh','GrabBike','Driver : Halo, Pelanggan : Halo, sesuai maps ya!',3.6,'WCBY359'),('UVC463','Jalan Pangeran Jayakarta','Bandung','GrabBike','Driver : Halo, Pelanggan : Halo, sesuai maps ya!',3.6,'LSUJ408'),('UWB710','Jalan Jaksa','Binjai','GrabBike','Driver : Halo, Pelanggan : Halo, sesuai maps ya!',1.8,'IHIF614'),('UXG971','Jalan Veteran','Jakarta Barat','GrabFood','Driver : Halo, Pelanggan : Halo, sesuai maps ya!',1.7,'FTOP007'),('UYE810','Jalan Mangga Dua','Surabaya','GrabFood','Driver : Halo, Pelanggan : Halo, sesuai maps ya!',3.1,'UPRD170'),('UZB450','Jalan Kyai Haji Wahid Hasyim','Tual','GrabBike','Driver : Halo, Pelanggan : Halo, sesuai maps ya!',0.1,'TJYQ826'),('VCS614','Jalan Mayor Jenderal DI Panjaitan','Malang','GrabBike','Driver : Halo, Pelanggan : Halo, sesuai maps ya!',1.3,'SYCM229'),('VCS913','Jalan Kyai Haji Wahid Hasyim','Pariaman','GrabFood','Driver : Halo, Pelanggan : Halo, sesuai maps ya!',0.4,'IPMR947'),('VEK102','Jalan Daan Mogot','Dumai','GrabBike','Driver : Halo, Pelanggan : Halo, sesuai maps ya!',0.1,'PLGW598'),('VMV674','Jalan Kyai Haji Wahid Hasyim','Balikpapan','GrabBike','Driver : Halo, Pelanggan : Halo, sesuai maps ya!',2.6,'HNJL193'),('VPL790','Jalan Bandengan','Jakarta Barat','GrabFood','Driver : Halo, Pelanggan : Halo, sesuai maps ya!',1.1,'RFXJ940'),('VPX096','Jalan H. Imam Sapi\'ie','Bandung','GrabBike','Driver : Halo, Pelanggan : Halo, sesuai maps ya!',0.1,'GJMU404'),('VRN441','Jalan Bandengan','Tanjungbalai','GrabFood','Driver : Halo, Pelanggan : Halo, sesuai maps ya!',4,'FPSI963'),('VRX739','Jalan Letnan Jenderal S. Parman','Tanjungpinang','GrabFood','Driver : Halo, Pelanggan : Halo, sesuai maps ya!',0.5,'DMVA129'),('VTJ459','Jalan Gajah Mada','Bontang','GrabFood','Driver : Halo, Pelanggan : Halo, sesuai maps ya!',4.9,'DTGW086'),('VXR678','Jalan Asia Afrika','Sukabumi','GrabBike','Driver : Halo, Pelanggan : Halo, sesuai maps ya!',0.4,'ZSIM473'),('VYP369','Jalan Casablanca','Tasikmalaya','GrabBike','Driver : Halo, Pelanggan : Halo, sesuai maps ya!',1.9,'QJNI726'),('WAT254','Jalan Laksamana Yos Sudarso','Bekasi','GrabFood','Driver : Halo, Pelanggan : Halo, sesuai maps ya!',3.2,'JSBF618'),('WCW324','Jalan Mangga Dua','Ternate','GrabFood','Driver : Halo, Pelanggan : Halo, sesuai maps ya!',4.4,'UPRD170'),('WFA323','Jalan Kyai Haji Wahid Hasyim','Sorong','GrabBike','Driver : Halo, Pelanggan : Halo, sesuai maps ya!',3.7,'ZEHO059'),('WFE304','Jalan Laksamana Yos Sudarso','Banjar','GrabFood','Driver : Halo, Pelanggan : Halo, sesuai maps ya!',2.6,'QJNI726'),('WHF706','Jalan Jenderal Ahmad Yani','Batam','GrabFood','Driver : Halo, Pelanggan : Halo, sesuai maps ya!',1.3,'LCFT522'),('WIH879','Jalan Profesor Dokter Satrio','Prabumulih','GrabFood','Driver : Halo, Pelanggan : Halo, sesuai maps ya!',4.4,'ELQW728'),('WIJ926','Jalan Jaksa','Jakarta Pusat','GrabFood','Driver : Halo, Pelanggan : Halo, sesuai maps ya!',0.1,'TWDH298'),('WLN040','Jalan Veteran','Magelang','GrabFood','Driver : Halo, Pelanggan : Halo, sesuai maps ya!',2.3,'WCEJ484'),('WMD310','Jalan Halim Perdanakusuma','Tasikmalaya','GrabBike','Driver : Halo, Pelanggan : Halo, sesuai maps ya!',0.9,'PZKN297'),('WNY085','Jalan Jenderal Ahmad Yani','Cimahi','GrabFood','Driver : Halo, Pelanggan : Halo, sesuai maps ya!',3.6,'IJTG903'),('WQB428','Jalan Gajah Mada','Madiun','GrabFood','Driver : Halo, Pelanggan : Halo, sesuai maps ya!',3.7,'AMUY358'),('WRC946','Jalan Gajah Mada','Malang','GrabBike','Driver : Halo, Pelanggan : Halo, sesuai maps ya!',0.6,'INSL685'),('WRS798','Jalan Profesor Dokter Satrio','Jakarta Pusat','GrabBike','Driver : Halo, Pelanggan : Halo, sesuai maps ya!',1.5,'GKHH979'),('WSM081','Jalan Kyai Haji Wahid Hasyim','Kendari','GrabFood','Driver : Halo, Pelanggan : Halo, sesuai maps ya!',4.6,'ZRDJ806'),('WTO119','Jalan Pangeran Jayakarta','Banjarmasin','GrabFood','Driver : Halo, Pelanggan : Halo, sesuai maps ya!',3.1,'PTBJ509'),('WVK672','Jalan Kyai Haji Wahid Hasyim','Padang Panjang','GrabFood','Driver : Halo, Pelanggan : Halo, sesuai maps ya!',4.2,'WKQO605'),('WXB639','Jalan Casablanca','Sibolga','GrabFood','Driver : Halo, Pelanggan : Halo, sesuai maps ya!',0.9,'PAOX372'),('XAJ187','Jalan Halim Perdanakusuma','Banda Aceh','GrabBike','Driver : Halo, Pelanggan : Halo, sesuai maps ya!',0.4,'QYSF155'),('XBB135','Jalan Bandengan','Tebing Tinggi','GrabBike','Driver : Halo, Pelanggan : Halo, sesuai maps ya!',3.1,'FUZD051'),('XBD195','Jalan Kyai Haji Wahid Hasyim','Bukittinggi','GrabFood','Driver : Halo, Pelanggan : Halo, sesuai maps ya!',2.3,'XWXW820'),('XBK672','Jalan Jenderal Ahmad Yani','Jakarta Utara','GrabFood','Driver : Halo, Pelanggan : Halo, sesuai maps ya!',3.1,'EQMS943'),('XCI612','Jalan Gajah Mada','Palangka Raya','GrabBike','Driver : Halo, Pelanggan : Halo, sesuai maps ya!',4.2,'IJTG903'),('XCU053','Jalan Kyai Haji Wahid Hasyim','Bekasi','GrabBike','Driver : Halo, Pelanggan : Halo, sesuai maps ya!',1.2,'YQDH477'),('XDH930','Jalan Transyogi','Kediri','GrabBike','Driver : Halo, Pelanggan : Halo, sesuai maps ya!',3.9,'YAWJ238'),('XGC827','Jalan Profesor Dokter Satrio','Bogor','GrabFood','Driver : Halo, Pelanggan : Halo, sesuai maps ya!',1.9,'INSL685'),('XHA962','Jalan Jenderal Ahmad Yani','Lubuklinggau','GrabFood','Driver : Halo, Pelanggan : Halo, sesuai maps ya!',2.3,'IPMR947'),('XIS085','Jalan Jaksa','Kendari','GrabFood','Driver : Halo, Pelanggan : Halo, sesuai maps ya!',1.4,'LVFO993'),('XJZ284','Jalan Prapatan','Depok','GrabFood','Driver : Halo, Pelanggan : Halo, sesuai maps ya!',2.6,'ISUV370'),('XKO359','Jalan Gajah Mada','Payakumbuh','GrabFood','Driver : Halo, Pelanggan : Halo, sesuai maps ya!',3.7,'IGJE347'),('XPC861','Jalan Kramat Raya','Jakarta Barat','GrabBike','Driver : Halo, Pelanggan : Halo, sesuai maps ya!',4.5,'LVFO993'),('XQJ305','Jalan Mayor Jenderal Sutoyo','Payakumbuh','GrabFood','Driver : Halo, Pelanggan : Halo, sesuai maps ya!',2.6,'VOUL231'),('XQT627','Jalan Veteran','Bitung','GrabFood','Driver : Halo, Pelanggan : Halo, sesuai maps ya!',5,'YMIA914'),('XQT766','Jalan Transyogi','Langsa','GrabBike','Driver : Halo, Pelanggan : Halo, sesuai maps ya!',3.2,'INSL685'),('XRQ010','Jalan Pangeran Jayakarta','Malang','GrabFood','Driver : Halo, Pelanggan : Halo, sesuai maps ya!',4,'YAWJ238'),('XRX805','Jalan Asia Afrika','Sukabumi','GrabBike','Driver : Halo, Pelanggan : Halo, sesuai maps ya!',2.6,'EBVW297'),('XTA382','Jalan Mayor Jenderal Sutoyo','Bekasi','GrabBike','Driver : Halo, Pelanggan : Halo, sesuai maps ya!',4,'HNJL193'),('XTG390','Jalan Pangeran Jayakarta','Sorong','GrabFood','Driver : Halo, Pelanggan : Halo, sesuai maps ya!',1,'PLGW598'),('XTP735','Jalan Mangga Besar','Surakarta','GrabBike','Driver : Halo, Pelanggan : Halo, sesuai maps ya!',4.5,'CJQY163'),('XVL068','Jalan Asia Afrika','Subulussalam','GrabFood','Driver : Halo, Pelanggan : Halo, sesuai maps ya!',1.8,'TUBQ661'),('XXT169','Jalan Kyai Haji Wahid Hasyim','Sukabumi','GrabBike','Driver : Halo, Pelanggan : Halo, sesuai maps ya!',1.5,'RFXJ940'),('YBB816','Jalan Letnan Jenderal MT Haryono','Magelang','GrabFood','Driver : Halo, Pelanggan : Halo, sesuai maps ya!',1.2,'INSL685'),('YCU266','Jalan Letnan Jenderal S. Parman','Baubau','GrabFood','Driver : Halo, Pelanggan : Halo, sesuai maps ya!',0.1,'HNJL193'),('YEK238','Jalan Daan Mogot','Sawahlunto','GrabBike','Driver : Halo, Pelanggan : Halo, sesuai maps ya!',1.2,'UPRD170'),('YEK284','Jalan Halim Perdanakusuma','Yogyakarta','GrabBike','Driver : Halo, Pelanggan : Halo, sesuai maps ya!',3,'JDYF444'),('YEL656','Jalan Mangga Besar','Tarakan','GrabBike','Driver : Halo, Pelanggan : Halo, sesuai maps ya!',3.7,'BZWZ474'),('YEX329','Jalan Jenderal Ahmad Yani','Tegal','GrabFood','Driver : Halo, Pelanggan : Halo, sesuai maps ya!',2.1,'WXJU923'),('YGI994','Jalan Casablanca','Sabang','GrabBike','Driver : Halo, Pelanggan : Halo, sesuai maps ya!',3.3,'UABJ805'),('YHO595','Jalan H. Imam Sapi\'ie','Pekalongan','GrabFood','Driver : Halo, Pelanggan : Halo, sesuai maps ya!',0.5,'FCNY055'),('YIM130','Jalan Kyai Haji Wahid Hasyim','Serang','GrabBike','Driver : Halo, Pelanggan : Halo, sesuai maps ya!',3.3,'PTBJ509'),('YJN060','Jalan Pangeran Jayakarta','Baubau','GrabFood','Driver : Halo, Pelanggan : Halo, sesuai maps ya!',2.4,'OYHI263'),('YMH384','Jalan Gajah Mada','Tidore Kepulauan','GrabBike','Driver : Halo, Pelanggan : Halo, sesuai maps ya!',1.2,'QUEJ601'),('YMP317','Jalan H. Imam Sapi\'ie','Metro','GrabFood','Driver : Halo, Pelanggan : Halo, sesuai maps ya!',0.3,'IGJE347'),('YNI547','Jalan Raya Pasar Minggu','Madiun','GrabBike','Driver : Halo, Pelanggan : Halo, sesuai maps ya!',1.9,'YDOQ175'),('YNZ419','Jalan Mangga Besar','Surakarta','GrabBike','Driver : Halo, Pelanggan : Halo, sesuai maps ya!',1,'WCEJ484'),('YQB298','Jalan Halim Perdanakusuma','Jakarta Pusat','GrabFood','Driver : Halo, Pelanggan : Halo, sesuai maps ya!',3.4,'MKUU863'),('YRB438','Jalan Pangeran Jayakarta','Malang','GrabFood','Driver : Halo, Pelanggan : Halo, sesuai maps ya!',2.6,'PLGW598'),('YRW409','Jalan Veteran','Tebing Tinggi','GrabFood','Driver : Halo, Pelanggan : Halo, sesuai maps ya!',0.1,'PWCI132'),('YSM000','Jalan Raya Bogor','Pagar Alam','GrabBike','Driver : Halo, Pelanggan : Halo, sesuai maps ya!',4.3,'UFIR326'),('YVE542','Jalan Jelakeng','Bogor','GrabFood','Driver : Halo, Pelanggan : Halo, sesuai maps ya!',2.3,'XZFT108'),('YVX629','Jalan Raya Bogor','Tebing Tinggi','GrabBike','Driver : Halo, Pelanggan : Halo, sesuai maps ya!',1.2,'QYSF155'),('YWR849','Jalan Daan Mogot','Banjarbaru','GrabBike','Driver : Halo, Pelanggan : Halo, sesuai maps ya!',2.1,'TJYQ826'),('YZE661','Jalan Jaksa','Blitar','GrabFood','Driver : Halo, Pelanggan : Halo, sesuai maps ya!',1.7,'NQBV627'),('ZCD375','Jalan Jaksa','Sibolga','GrabBike','Driver : Halo, Pelanggan : Halo, sesuai maps ya!',3.8,'JSBF618'),('ZCF753','Jalan Mayor Jenderal DI Panjaitan','Parepare','GrabBike','Driver : Halo, Pelanggan : Halo, sesuai maps ya!',3.4,'IRQC713'),('ZCN100','Jalan Veteran','Jambi','GrabBike','Driver : Halo, Pelanggan : Halo, sesuai maps ya!',4.1,'OEBO514'),('ZDC575','Jalan Halim Perdanakusuma','Tegal','GrabBike','Driver : Halo, Pelanggan : Halo, sesuai maps ya!',4.1,'UXVE033'),('ZDY241','Jalan Jenderal Sudirman','Binjai','GrabFood','Driver : Halo, Pelanggan : Halo, sesuai maps ya!',4.8,'PQFZ200'),('ZFN112','Jalan H. Imam Sapi\'ie','Bandung','GrabFood','Driver : Halo, Pelanggan : Halo, sesuai maps ya!',0.2,'UABJ805'),('ZFR756','Jalan Letnan Jenderal MT Haryono','Pontianak','GrabFood','Driver : Halo, Pelanggan : Halo, sesuai maps ya!',1.3,'DIFN998'),('ZHE257','Jalan Suryopranoto','Makassar','GrabFood','Driver : Halo, Pelanggan : Halo, sesuai maps ya!',1.9,'SWDP612'),('ZHO595','Jalan Letnan Jenderal S. Parman','Pekanbaru','GrabFood','Driver : Halo, Pelanggan : Halo, sesuai maps ya!',0.7,'ISUV370'),('ZIL505','Jalan Letnan Jenderal MT Haryono','Tual','GrabFood','Driver : Halo, Pelanggan : Halo, sesuai maps ya!',2.6,'KFEC215'),('ZJX178','Jalan Asia Afrika','Pontianak','GrabFood','Driver : Halo, Pelanggan : Halo, sesuai maps ya!',0.8,'HNJL193'),('ZKM153','Jalan Letnan Jenderal MT Haryono','Tarakan','GrabBike','Driver : Halo, Pelanggan : Halo, sesuai maps ya!',3.1,'CTTV142'),('ZLT001','Jalan Kramat Raya','Pekanbaru','GrabBike','Driver : Halo, Pelanggan : Halo, sesuai maps ya!',1.4,'UPRD170'),('ZLY593','Jalan Mayor Jenderal Sutoyo','Pekanbaru','GrabFood','Driver : Halo, Pelanggan : Halo, sesuai maps ya!',4.4,'BQCG610'),('ZNH325','Jalan Prapatan','Tanjungbalai','GrabBike','Driver : Halo, Pelanggan : Halo, sesuai maps ya!',2.7,'BQCG610'),('ZPB811','Jalan Jenderal Sudirman','Sibolga','GrabFood','Driver : Halo, Pelanggan : Halo, sesuai maps ya!',4.6,'YSJQ675'),('ZRN130','Jalan Pangeran Jayakarta','Parepare','GrabFood','Driver : Halo, Pelanggan : Halo, sesuai maps ya!',3.8,'PQRA160'),('ZTA367','Jalan Casablanca','Bontang','GrabFood','Driver : Halo, Pelanggan : Halo, sesuai maps ya!',2.9,'UOYS050'),('ZTI166','Jalan Jelakeng','Jakarta Utara','GrabBike','Driver : Halo, Pelanggan : Halo, sesuai maps ya!',3.4,'YQDH477'),('ZUF970','Jalan Daan Mogot','Pagar Alam','GrabBike','Driver : Halo, Pelanggan : Halo, sesuai maps ya!',4,'BUTI919'),('ZUJ815','Jalan Casablanca','Pariaman','GrabFood','Driver : Halo, Pelanggan : Halo, sesuai maps ya!',4.5,'PQFZ200'),('ZWL150','Jalan Mayor Jenderal Sutoyo','Tarakan','GrabBike','Driver : Halo, Pelanggan : Halo, sesuai maps ya!',3.1,'YGLE819'),('ZXH922','Jalan Laksamana Yos Sudarso','Parepare','GrabFood','Driver : Halo, Pelanggan : Halo, sesuai maps ya!',4.2,'XWXW820');
/*!40000 ALTER TABLE `orderan` ENABLE KEYS */;
UNLOCK TABLES;

--
-- Table structure for table `pelanggan`
--

DROP TABLE IF EXISTS `pelanggan`;
/*!40101 SET @saved_cs_client     = @@character_set_client */;
/*!50503 SET character_set_client = utf8mb4 */;
CREATE TABLE `pelanggan` (
  `id_pelanggan` varchar(50) CHARACTER SET utf8mb4 COLLATE utf8mb4_0900_ai_ci NOT NULL,
  `nama_pelanggan` varchar(50) CHARACTER SET utf8mb4 COLLATE utf8mb4_0900_ai_ci NOT NULL,
  `email` varchar(50) CHARACTER SET utf8mb4 COLLATE utf8mb4_0900_ai_ci NOT NULL,
  PRIMARY KEY (`id_pelanggan`)
) ENGINE=InnoDB DEFAULT CHARSET=utf8mb4 COLLATE=utf8mb4_0900_ai_ci;
/*!40101 SET character_set_client = @saved_cs_client */;

--
-- Dumping data for table `pelanggan`
--

LOCK TABLES `pelanggan` WRITE;
/*!40000 ALTER TABLE `pelanggan` DISABLE KEYS */;
INSERT INTO `pelanggan` VALUES ('AFJC315','Keir Axup','kaxupk@kickstarter.com'),('AMUY358','Lorianna Gyse','lgyse1u@purevolume.com'),('ANUX468','Marilin Tomashov','mtomashov1r@fastcompany.com'),('BDRX936','Dewain Hallam','dhallam2w@slashdot.org'),('BQCG610','Berti Gagin','bgagin1y@amazon.com'),('BUTI919','Alecia Rounce','arounce17@sphinn.com'),('BVMK218','Rosco Grasser','rgrasser44@deviantart.com'),('BZWZ474','Shel Duggon','sduggonh@360.cn'),('CJQY163','Fonz Mossom','fmossom4@geocities.com'),('CMXF360','Tate Harnetty','tharnettyy@ed.gov'),('CTTV142','Chico Brise','cbrise2c@home.pl'),('DIFN998','Lalo De Freyne','lde2b@exblog.jp'),('DLKM834','Allyson Aslie','aaslie30@nydailynews.com'),('DMVA129','Ediva Mugford','emugford2i@mysql.com'),('DTGW086','Inger Hesse','ihesse2m@rambler.ru'),('EBVW297','Maxy McGreal','mmcgreal2q@amazon.com'),('ELQW728','Camey Willmer','cwillmer3u@bloglovin.com'),('EMWU303','Julia Thorby','jthorby1c@goodreads.com'),('ENTN711','Hedwig Dodgshun','hdodgshun2e@yellowbook.com'),('EQMS943','Banky Monnoyer','bmonnoyer1p@imdb.com'),('ESTZ536','Gawain Blakebrough','gblakebrough3s@indiegogo.com'),('FCNY055','Veronica Corradini','vcorradini2f@forbes.com'),('FOMY737','Haley Gossan','hgossan20@1und1.de'),('FPSI963','Gayleen Curless','gcurless40@odnoklassniki.ru'),('FRHC761','Mala Micah','mmicah3b@rediff.com'),('FTOP007','Reinaldos Prout','rprout33@jiathis.com'),('FUZD051','Boy Mannix','bmannix2j@arizona.edu'),('GBFF561','Ardelia Chape','achape0@blogtalkradio.com'),('GHWO440','Anton Dourin','adourin2t@oracle.com'),('GIIQ862','Merry Fursland','mfursland2@bigcartel.com'),('GJMU404','Mariejeanne Manford','mmanford1f@1688.com'),('GKHH979','Ron Diment','rdiment3q@qq.com'),('GLAC982','Kathie Quayle','kquaylew@liveinternet.ru'),('HGIF346','Claybourne Dearl','cdearlo@bloglovin.com'),('HKAV558','Wendi Creagh','wcreagh28@illinois.edu'),('HNJL193','Nollie Danielut','ndanielutu@soup.io'),('HPZU613','Amitie Zavattiero','azavattiero21@tumblr.com'),('IGJE347','Fawn Offer','foffer1k@economist.com'),('IHIF614','Klaus Deny','kdeny15@fastcompany.com'),('IJTG903','Hall Hindrick','hhindrick25@census.gov'),('INSL685','Johnathon Bacher','jbacher36@aboutads.info'),('IOQT632','Diego How to preserve','dhow1b@scientificamerican.com'),('IPMR947','Christi Nijssen','cnijssen19@booking.com'),('IRQC713','Etti Guiot','eguiotx@sphinn.com'),('ISUV370','Sanford Hasson','shasson41@domainmarket.com'),('JAQP228','Fredra Wauchope','fwauchope3r@ask.com'),('JDYF444','Fremont Shakeshaft','fshakeshaft3g@weebly.com'),('JEIH190','Tedi Shellard','tshellard3h@sun.com'),('JPRE579','Louis Fullard','lfullard1q@chicagotribune.com'),('JSBF618','Iormina Bier','ibier1x@census.gov'),('JSYE116','Sena McKendo','smckendo3v@sakura.ne.jp'),('JTQN184','Nate Iohananof','niohananof16@yelp.com'),('KFEC215','Michael Strathman','mstrathman1w@delicious.com'),('KJAO176','Beitris Spare','bspare2a@examiner.com'),('KMCK316','Birgitta Kittless','bkittlessd@samsung.com'),('LCFT522','Palm Faudrie','pfaudrie2x@trellian.com'),('LHON581','Tasha Bahike','tbahike3y@linkedin.com'),('LNWT727','Caron Rive','crive2y@wsj.com'),('LSUJ408','Karlan Wratten','kwratten6@e-recht24.de'),('LVFO993','Stephan Lelievre','slelievrea@blogtalkradio.com'),('MBKU471','Sheri Shackelton','sshackelton2v@reuters.com'),('MKUU863','Jarid Condie','jcondie14@youtube.com'),('MLZD377','Theodoric Riccardi','triccardi3d@discuz.net'),('NDLU607','Lillis Mitchelson','lmitchelson3t@live.com'),('NQBV627','Yehudi Yeeles','yyeeles1d@microsoft.com'),('NRTA024','Marita Loche','mloche39@vk.com'),('NVNC512','Cameron Mulcaster','cmulcaster2z@jiathis.com'),('OEBO514','Fabien Lage','flage1m@house.gov'),('OIFB739','Kirby Brise','kbrise1s@parallels.com'),('OKQN924','Ethelbert Waldie','ewaldie1t@forbes.com'),('OMYO957','Hendrik Eaken','heakenb@wiley.com'),('OQDC762','Giusto Jedrysik','gjedrysik43@hubpages.com'),('OYHI263','Ilyse McCall','imccall35@cnn.com'),('PAOX372','Jarrad Belfelt','jbelfelt3m@amazon.co.uk'),('PGGX770','Cobbie Hencke','chencke8@state.gov'),('PKXJ240','Shandee Jopson','sjopsonm@devhub.com'),('PLGW598','Araldo Quig','aquig2s@stumbleupon.com'),('PMHU386','Tracey Le Marquand','tle1e@edublogs.org'),('PQFZ200','Carmela Titlow','ctitlow32@nyu.edu'),('PQRA160','Tobias Diprose','tdiprose3c@usatoday.com'),('PTBJ509','Breanne Jedraszczyk','bjedraszczyk3@microsoft.com'),('PVVX426','Terrence Schanke','tschanke2d@merriam-webster.com'),('PWCI132','Addi Hellmore','ahellmore10@bloomberg.com'),('PZKN297','Clarice O\'Concannon','coconcannonz@sina.com.cn'),('PZQF016','Waneta Meadows','wmeadows1g@howstuffworks.com'),('QJNI726','Myrna Schorah','mschorah34@altervista.org'),('QKPP411','Talbert Bale','tbale2r@ox.ac.uk'),('QMUN318','Devan Byars','dbyarsj@msn.com'),('QRRO443','Denise Biffin','dbiffin11@acquirethisname.com'),('QUEJ601','Stanislaus Stanislaw','sstanislaw1o@weebly.com'),('QUVI094','Willetta Grubb','wgrubb7@over-blog.com'),('QYSF155','Teodor Stepto','tstepto1z@usgs.gov'),('QZFZ770','Kent Kreutzer','kkreutzer27@canalblog.com'),('RDOA469','Barde Warrier','bwarrier23@jigsy.com'),('RFXJ940','Lana Brosenius','lbrosenius1@webeden.co.uk'),('RWOR873','Melissa Weeke','mweeke1i@mtv.com'),('SDYT606','Zebedee Noto','znotoc@tripod.com'),('SGBB470','Harmonie Crayden','hcraydenl@wikimedia.org'),('SRWX558','Cory Dudden','cdudden3l@buzzfeed.com'),('SWDP612','Leilah Aiskrigg','laiskrigg2u@e-recht24.de'),('SYCM229','Bonny Vergo','bvergo1j@google.pl'),('TAUU578','Gene Torpie','gtorpie1n@gmpg.org'),('TFBK567','Jonathon Pedgrift','jpedgrift2k@tumblr.com'),('THBM438','Brocky Champion','bchampion24@nyu.edu'),('THEY103','Dulci Dreakin','ddreakine@sun.com'),('TJYQ826','Marlee Dionisetto','mdionisettog@huffingtonpost.com'),('TKVJ893','Silvio Pond','spond1h@google.it'),('TUBQ661','Sal Bryenton','sbryenton2p@twitpic.com'),('TVCQ911','Shawn Smeuin','ssmeuin45@networkadvertising.org'),('TWDH298','Siward Franzke','sfranzke2o@nyu.edu'),('UABJ805','Lenette Vitall','lvitall22@blogger.com'),('UCRV655','Cathrine Leavold','cleavold5@meetup.com'),('UFIR326','Cherish Smorfit','csmorfit26@bizjournals.com'),('UOYS050','Gayleen Abys','gabys3f@seattletimes.com'),('UPRD170','Ricki Mapston','rmapston2h@woothemes.com'),('UQGX266','Claudine Maddin','cmaddin37@arstechnica.com'),('UROP328','Charline Reffe','creffe3i@php.net'),('UXVE033','Janenna Foulcher','jfoulcher29@a8.net'),('VOUL231','Griselda Craigs','gcraigs13@artisteer.com'),('VUED842','Winonah Verriour','wverriour2g@nifty.com'),('VWMW126','Linn Gerhold','lgerhold1l@nps.gov'),('WCBY359','Nana Wildor','nwildors@privacy.gov.au'),('WCEJ484','Hussein Tomala','htomala3p@google.cn'),('WDHO029','Renard Castlake','rcastlake3e@stumbleupon.com'),('WIFD346','Lillian Bunner','lbunner12@arizona.edu'),('WKJC576','Cary Doget','cdoget3j@furl.net'),('WKQO605','Marijn Hamshere','mhamshere3a@google.ru'),('WXJU923','Rhodia Fisbburne','rfisbburne1v@addtoany.com'),('WZZH018','Richard Bottrell','rbottrell3k@mail.ru'),('XAFS613','Jeannie Morrall','jmorrallf@mozilla.com'),('XIUC297','Silvie Marvelley','smarvelleyv@guardian.co.uk'),('XOSA707','Wilt MacLardie','wmaclardieq@ca.gov'),('XQSI082','Netta Peskin','npeskin3n@wunderground.com'),('XWXW820','Stacee Dymidowicz','sdymidowicz42@indiegogo.com'),('XZFT108','Kimbra Jagger','kjaggert@imgur.com'),('YAWJ238','Broddie Catford','bcatford18@reddit.com'),('YBAK787','Lolly Clearie','lclearie3w@yellowbook.com'),('YDOQ175','Alisun Porcher','aporcher3z@sbwire.com'),('YGLE819','Ashlie Enga','aenga3x@myspace.com'),('YHOY181','Spike Tuson','stusonn@cocolog-nifty.com'),('YMIA914','Courtney Viollet','cviollet1a@bandcamp.com'),('YQDH477','Miof mela Hrishanok','mmela2n@vistaprint.com'),('YQVZ203','Mandi Hinchshaw','mhinchshawi@virginia.edu'),('YSJQ675','Othello Catteroll','ocatteroll2l@state.gov'),('ZAUY994','Callida Kynge','ckyngep@tinyurl.com'),('ZEHO059','Miles Mackrell','mmackrell3o@mail.ru'),('ZKNU798','Poul Rickerby','prickerby38@wix.com'),('ZMHI379','Jacqui Bartels','jbartelsr@amazonaws.com'),('ZRDJ806','Wilbert Cranmore','wcranmore31@google.co.jp'),('ZSIM473','Barth Ponsford','bponsford9@ftc.gov');
/*!40000 ALTER TABLE `pelanggan` ENABLE KEYS */;
UNLOCK TABLES;

--
-- Table structure for table `pesanan`
--

DROP TABLE IF EXISTS `pesanan`;
/*!40101 SET @saved_cs_client     = @@character_set_client */;
/*!50503 SET character_set_client = utf8mb4 */;
CREATE TABLE `pesanan` (
  `no_urut_pesanan` int NOT NULL,
  `nama_pesanan` varchar(64) CHARACTER SET utf8mb4 COLLATE utf8mb4_0900_ai_ci NOT NULL,
  `kuantitas_pesanan` int NOT NULL,
  `harga_pesanan` int NOT NULL,
  `id_resto` varchar(50) CHARACTER SET utf8mb4 COLLATE utf8mb4_0900_ai_ci NOT NULL,
  `id_orderan` varchar(50) CHARACTER SET utf8mb4 COLLATE utf8mb4_0900_ai_ci NOT NULL,
  PRIMARY KEY (`no_urut_pesanan`),
  KEY `pesanan_FK` (`id_resto`),
  KEY `pesanan_FK_1` (`id_orderan`),
  CONSTRAINT `pesanan_FK` FOREIGN KEY (`id_resto`) REFERENCES `restoran` (`id_resto`) ON DELETE CASCADE ON UPDATE CASCADE,
  CONSTRAINT `pesanan_FK_1` FOREIGN KEY (`id_orderan`) REFERENCES `orderan` (`id_orderan`) ON DELETE CASCADE ON UPDATE CASCADE
) ENGINE=InnoDB DEFAULT CHARSET=utf8mb4 COLLATE=utf8mb4_0900_ai_ci;
/*!40101 SET character_set_client = @saved_cs_client */;

--
-- Dumping data for table `pesanan`
--

LOCK TABLES `pesanan` WRITE;
/*!40000 ALTER TABLE `pesanan` DISABLE KEYS */;
INSERT INTO `pesanan` VALUES (1,'El Paso Corporation',1,57393,'JZ19','ZRN130'),(2,'Delta Natural Gas Company, Inc.',2,294797,'QT57','RTZ396'),(3,'Cohen & Steers Total Return Realty Fund, Inc.',3,268304,'KY71','DXB711'),(4,'Global X Millennials Thematic ETF',4,356512,'CM00','QSJ921'),(5,'Blackrock Health Sciences Trust',5,394444,'QA53','IRR666'),(6,'Liquidity Services, Inc.',6,166416,'MF99','FOF490'),(7,'VictoryShares International High Div Volatility Wtd ETF',7,487318,'LP82','JTN670'),(8,'MakeMyTrip Limited',8,137153,'AQ24','OSF358'),(9,'Alphatec Holdings, Inc.',9,140779,'ND73','AKS095'),(10,'Worthington Industries, Inc.',10,333972,'IS03','ADL652'),(11,'Ternium S.A.',1,197045,'MC47','CLN352'),(12,'NuStar Logistics, L.P.',2,418014,'PN66','PYK846'),(13,'The Priceline Group Inc. ',3,123571,'MB63','ANX309'),(14,'GW Pharmaceuticals Plc',4,322167,'XV89','IAZ213'),(15,'Air Transport Services Group, Inc',5,131538,'VV60','GJF912'),(16,'Instructure, Inc.',6,357130,'TR38','YZE661'),(17,'Nuveen Select Tax Free Income Portfolio III',7,164265,'ZL31','ZUJ815'),(18,'Templeton Emerging Markets Income Fund, Inc.',8,488267,'LA72','CBU561'),(19,'Park Hotels & Resorts Inc.',9,126116,'LM16','CYI390'),(20,'Hudson Global, Inc.',10,42714,'NE89','DSS807'),(21,'KBL Merger Corp. IV',1,134575,'EW57','RKO489'),(22,'Eastman Kodak Company',2,237137,'VF40','FYK953'),(23,'Waterstone Financial, Inc.',3,388176,'OK17','TBP352'),(24,'Atlas Financial Holdings, Inc.',4,250985,'VF12','DTF152'),(25,'Antero Midstream GP LP',5,131689,'RP08','MTN610'),(26,'CSI Compressco LP',6,223889,'AQ24','LON046'),(27,'SunTrust Banks, Inc.',7,55771,'RY00','OGQ315'),(28,'UNITIL Corporation',8,168848,'JB27','XGC827'),(29,'ASML Holding N.V.',9,313571,'OD37','GRM824'),(30,'eBay Inc.',10,414782,'TX16','DMH797'),(31,'PartnerRe Ltd.',1,98866,'VQ12','DGP318'),(32,'Republic Services, Inc.',2,464980,'CR30','SOV653'),(33,'Fifth Street Finance Corp.',3,278643,'TV12','ZJX178'),(34,'Nuveen Ohio Quality Municipal Income Fund',4,24802,'FE75','HEI059'),(35,'Stag Industrial, Inc.',5,16933,'GK32','OHD920'),(36,'Vector Group Ltd.',6,48364,'UJ85','LRO439'),(37,'Taiwan Semiconductor Manufacturing Company Ltd.',7,202870,'MF99','QUO943'),(38,'SK Telecom Co., Ltd.',8,196789,'II13','TVG647'),(39,'PPL Corporation',9,477981,'KB99','IRR666'),(40,'GasLog LP.',10,145329,'KY71','VPL790'),(41,'Community Bank System, Inc.',1,187952,'AY61','LQX115'),(42,'County Bancorp, Inc.',2,400840,'FF96','WVK672'),(43,'S&T Bancorp, Inc.',3,257942,'NN86','IEG087'),(44,'Cirrus Logic, Inc.',4,111443,'RB01','LUP578'),(45,'Steel Partners Holdings LP',5,39189,'XS21','QAC801'),(46,'BLDRS Europe 100 ADR Index Fund',6,419772,'CM00','XQJ305'),(47,'China Xiniya Fashion Limited',7,317750,'TJ41','BOY353'),(48,'ViewRay, Inc.',8,46710,'KW79','IDO917'),(49,'Sinclair Broadcast Group, Inc.',9,127239,'XD76','EHB271'),(50,'ABB Ltd',10,31785,'ZF68','JTF916'),(51,'Hemisphere Media Group, Inc.',1,421370,'RB01','HEY367'),(52,'Taiwan Fund, Inc. (The)',2,417443,'DU97','FYE219'),(53,'Financial Engines, Inc.',3,333299,'PU57','RTZ396'),(54,'Eclipse Resources Corporation',4,482868,'IK02','FHZ213'),(55,'Dynasil Corporation of America',5,44690,'RY00','YHO595'),(56,'Cidara Therapeutics, Inc.',6,390810,'II13','BTT382'),(57,'PAR Technology Corporation',7,279735,'ZQ75','OWF812'),(58,'Moxian, Inc.',8,28116,'BL60','SOV653'),(59,'Qwest Corporation',9,124474,'CR30','PMV309'),(60,'WVS Financial Corp.',10,437610,'LM16','ZXH922'),(61,'Vodafone Group Plc',1,47619,'RU93','JZV021'),(62,'Dollar Tree, Inc.',2,110433,'HS79','WNY085'),(63,'Advanced Energy Industries, Inc.',3,156262,'ZF68','RSJ806'),(64,'NOW Inc.',4,449661,'LP82','CBM588'),(65,'Carolina Financial Corporation',5,390001,'ID50','QGN265'),(66,'HCP, Inc.',6,287270,'UJ85','TXK966'),(67,'Fiat Chrysler Automobiles N.V.',7,149611,'OZ93','FYK953'),(68,'Oaktree Capital Group, LLC',8,80127,'AQ24','NLD812'),(69,'Southern Company (The)',9,245629,'BR77','SDD681'),(70,'Foundation Building Materials, Inc.',10,497787,'NW37','UFX484'),(71,'Builders FirstSource, Inc.',1,62056,'IS03','STC419'),(72,'Spartan Motors, Inc.',2,118852,'GA70','WFE304'),(73,'World Point Terminals, LP',3,36918,'XS21','GLQ661'),(74,'Galena Biopharma, Inc.',4,67583,'EP66','BOY353'),(75,'Apollo Commercial Real Estate Finance',5,171888,'KW79','YVE542'),(76,'Fulton Financial Corporation',6,441181,'NF80','DXB711'),(77,'iShares MSCI EAFE ESG Optimized ETF',7,239032,'ZN66','LRO439'),(78,'Mesa Laboratories, Inc.',8,315823,'TC48','GDR688'),(79,'Navigator Holdings Ltd.',9,427553,'MB63','MJW657'),(80,'Telecom Italia S.P.A.',10,78548,'BL60','LQX115'),(81,'Fossil Group, Inc.',1,18631,'AH42','TZK784'),(82,'Navios Maritime Partners LP',2,243291,'EW57','IAZ213'),(83,'AxoGen, Inc.',3,41743,'ZL31','DCB743'),(84,'Planet Fitness, Inc.',4,475181,'TJ41','HLL052'),(85,'Scorpio Tankers Inc.',5,348354,'JX86','YJN060'),(86,'Cohen & Steers MLP Income and Energy Opportunity Fund, Inc.',6,497028,'SU59','DSS807'),(87,'C',7,175991,'FT51','BTT382'),(88,'Washington Real Estate Investment Trust',8,25441,'UJ85','MII063'),(89,'Dana Incorporated',9,449084,'VQ12','LXY141'),(90,'American Midstream Partners, LP',10,290231,'TX16','PZG426'),(91,'Embotelladora Andina S.A.',1,432509,'GK32','RLC410'),(92,'Brainstorm Cell Therapeutics Inc.',2,90852,'WM46','FGC740'),(93,'Pzena Investment Management Inc',3,154986,'DT88','FUW306'),(94,'VictoryShares US Large Cap High Div Volatility Wtd ETF',4,170855,'HM85','BSB691'),(95,'Crane Company',5,262620,'CR30','WAT254'),(96,'Liberty Global plc',6,220769,'ZM44','KEE587'),(97,'Cyclacel Pharmaceuticals, Inc.',7,397063,'UF57','SOV653'),(98,'Prudential Financial, Inc.',8,375559,'QM37','TVO741'),(99,'Blackrock MuniYield Investment QualityFund',9,296399,'DU97','DGA145'),(100,'Legg Mason Global Infrastructure ETF',10,448896,'JB27','PEZ079'),(101,'Madrigal Pharmaceuticals, Inc.',1,474981,'PZ43','LZH216'),(102,'Avadel Pharmaceuticals plc',2,446833,'OG66','RKO489'),(103,'First Trust Cloud Computing ETF',3,337986,'ID50','SSP447'),(104,'Global Ship Lease, Inc.',4,288839,'IX77','OES817'),(105,'Aramark',5,40556,'BL60','MJW657'),(106,'SodaStream International Ltd.',6,165667,'UW08','XKO359'),(107,'Digiliti Money Group, Inc.',7,11753,'TU57','BPZ014'),(108,'Autobytel Inc.',8,390024,'PN66','IQU419'),(109,'Christopher & Banks Corporation',9,213419,'MI42','WIH879'),(110,'Highland/iBoxx Senior Loan ETF',10,238916,'KF91','FZE884'),(111,'TE Connectivity Ltd.',1,36275,'LA72','ZIL505'),(112,'Fiesta Restaurant Group, Inc.',2,287764,'KW79','DCB743'),(113,'Duke Realty Corporation',3,176438,'PA11','MEY600'),(114,'Colony NorthStar, Inc.',4,173006,'RL28','ZXH922'),(115,'Baltimore Gas & Electric Company',5,76222,'FF96','FOF490'),(116,'AdvanSix Inc.',6,452377,'TZ93','RWZ577'),(117,'ADOMANI, Inc.',7,395828,'CQ78','ZTA367'),(118,'Putnam High Income Bond Fund',8,413168,'DU97','ZHO595'),(119,'W.R. Berkley Corporation',9,248111,'GN26','ANL472'),(120,'Empresa Distribuidora Y Comercializadora Norte S.A. (Edenor)',10,243202,'ZM44','KWV721'),(121,'Willdan Group, Inc.',1,80817,'KY71','CRJ713'),(122,'Aegon NV',2,214832,'AY61','ANX309'),(123,'Westar Energy, Inc.',3,399163,'QT57','XIS085'),(124,'T. Rowe Price Group, Inc.',4,109655,'FT51','FYE219'),(125,'Caladrius Biosciences, Inc.',5,193068,'VF12','TMK350'),(126,'Tecogen Inc.',6,141670,'OD37','IFB985'),(127,'Arbor Realty Trust',7,213018,'PX38','WIJ926'),(128,'Synthetic Fixed-Income Securities, Inc.',8,395747,'TH25','MTN610'),(129,'Cadence Design Systems, Inc.',9,152296,'YZ58','LRK483'),(130,'Glu Mobile Inc.',10,16518,'MF99','FQM554'),(131,'Tahoe Resources, Inc.',1,404432,'PZ43','FWW335'),(132,'Cemex S.A.B. de C.V.',2,238781,'RT19','BTT382'),(133,'Presidio, Inc.',3,319213,'EW57','SDD681'),(134,'PGT Innovations, Inc.',4,383097,'RP08','IAF117'),(135,'Artesian Resources Corporation',5,231672,'OK17','EHB271'),(136,'Ekso Bionics Holdings, Inc.',6,396640,'LA72','MII063'),(137,'CareDx, Inc.',7,493658,'BI12','FUK925'),(138,'Transportadora De Gas Sa Ord B',8,241635,'EE04','UFB045'),(139,'Synthesis Energy Systems, Inc.',9,330789,'MB63','DBF497'),(140,'Phibro Animal Health Corporation',10,334946,'TR38','IBE171'),(141,'Magellan Health, Inc.',1,412681,'XS21','FGC740'),(142,'Fomento Economico Mexicano S.A.B. de C.V.',2,76805,'OG66','MRP215'),(143,'Alpha and Omega Semiconductor Limited',3,493431,'XV89','RSJ806'),(144,'1st Constitution Bancorp (NJ)',4,152129,'DB20','JFA148'),(145,'Extra Space Storage Inc',5,274457,'IG13','LYA593'),(146,'Mesoblast Limited',6,410820,'CM00','ICU717'),(147,'Special Opportunities Fund Inc.',7,117623,'FF96','ZIL505'),(148,'Cone Midstream Partners LP',8,216948,'LP82','OOW335'),(149,'First Trust Developed Markets Ex-US AlphaDEX Fund',9,249092,'UJ85','HXH178'),(150,'Payment Data Systems, Inc.',10,25821,'YC26','UKC286'),(151,'Old Republic International Corporation',1,362061,'FF96','PDR854'),(152,'Alexandria Real Estate Equities, Inc.',2,243134,'MH94','QGN265'),(153,'Gol Linhas Aereas Inteligentes S.A.',3,78740,'JB27','FUV392'),(154,'ICC Holdings, Inc.',4,225043,'NE89','CPW553'),(155,'Terreno Realty Corporation',5,84825,'ZM44','YZE661'),(156,'National Western Life Group, Inc.',6,148877,'PU57','JFA148'),(157,'Dick\'s Sporting Goods Inc',7,289214,'DB20','XHA962'),(158,'Wells Fargo & Company',8,384462,'EW57','HSD344'),(159,'B.O.S. Better Online Solutions',9,477021,'YC26','LON046'),(160,'American Financial Group, Inc.',10,349072,'OD37','RWZ577'),(161,'uniQure N.V.',1,340614,'RL28','WHF706'),(162,'Duke Energy Corporation',2,480306,'BR77','FOF490'),(163,'Voya International High Dividend Equity Income Fund',3,457464,'UW08','VRX739'),(164,'Graham Holdings Company',4,241704,'LP82','IDO917'),(165,'Terra Nitrogen Company, L.P.',5,80846,'OB25','MJW657'),(166,'GATX Corporation',6,102944,'GK32','BIL672'),(167,'Tribune Media Company',7,19980,'RU93','BGK093'),(168,'Dominion Energy, Inc.',8,308328,'NW37','HYZ545'),(169,'Blackrock Muni Intermediate Duration Fund Inc',9,173121,'XU30','DXC550'),(170,'ClearBridge Energy MLP Opportunity Fund Inc.',10,381182,'ZH20','ZLY593'),(171,'Independence Contract Drilling, Inc.',1,271211,'NS18','DVF613'),(172,'American Outdoor Brands Corporation',2,187401,'GA70','WAT254'),(173,'Summit Therapeutics plc',3,478187,'XJ82','ANL472'),(174,'Federal Realty Investment Trust',4,76494,'IG13','AOM414'),(175,'Conatus Pharmaceuticals Inc.',5,420876,'OK17','ZRN130'),(176,'Veritiv Corporation',6,18105,'IX77','TMK350'),(177,'Five Prime Therapeutics, Inc.',7,488431,'LM16','GXK797'),(178,'Latin American Discovery Fund, Inc. (The)',8,485289,'PA11','RWZ577'),(179,'Western Alliance Bancorporation',9,476248,'FT51','ZFN112'),(180,'Cogint, Inc.',10,142007,'II13','CFW387'),(181,'ProPetro Holding Corp.',1,10468,'QT57','AMF690'),(182,'Tootsie Roll Industries, Inc.',2,228113,'NS18','OOA432'),(183,'Teekay LNG Partners L.P.',3,465362,'TU57','UXG971'),(184,'BioAmber Inc.',4,48685,'HS79','AIM473'),(185,'Cameco Corporation',5,369863,'QA53','ICU717'),(186,'First Trust Multi Cap Value AlphaDEX Fund',6,465759,'JB27','BIL672'),(187,'Bank of Hawaii Corporation',7,304191,'FE75','QGN265'),(188,'Vodafone Group Plc',8,246825,'IG13','TCL452'),(189,'voxeljet AG',9,415001,'UI33','IDO917'),(190,'CPS Technologies Corp.',10,496846,'GA70','WXB639'),(191,'Pentair plc.',1,120089,'LP82','VRX739'),(192,'ONE Gas, Inc.',2,196895,'PZ43','WCW324'),(193,'Vanguard Intermediate -Term Government Bond ETF',3,357772,'IX16','ZLY593'),(194,'RPX Corporation',4,477909,'DL78','NQS112'),(195,'1st Constitution Bancorp (NJ)',5,164927,'BB73','LUP578'),(196,'Tonix Pharmaceuticals Holding Corp.',6,306313,'XG11','XJZ284'),(197,'Welltower Inc.',7,97372,'YW89','DMH797'),(198,'Lam Research Corporation',8,346900,'JX86','WHF706'),(199,'Drive Shack Inc.',9,155524,'QA50','FQM554'),(200,'Grupo Televisa S.A.',10,482511,'EW57','IQU419'),(201,'Global Indemnity Limited',1,138669,'CM00','XTG390'),(202,'M I Acquisitions, Inc.',2,211186,'SL60','MEY600'),(203,'Tyler Technologies, Inc.',3,312683,'UR43','PDR854'),(204,'New York Mortgage Trust, Inc.',4,103573,'XJ82','WSM081'),(205,'Alamo Group, Inc.',5,21353,'ZH20','ZXH922'),(206,'The Herzfeld Caribbean Basin Fund, Inc.',6,358418,'TX16','ZFR756'),(207,'National Health Investors, Inc.',7,257037,'PZ43','HXA076'),(208,'Opexa Therapeutics, Inc.',8,263000,'SU59','DGA145'),(209,'Pennsylvania Real Estate Investment Trust',9,215803,'AY61','SYY830'),(210,'First United Corporation',10,314138,'AQ24','ODN744'),(211,'Lonestar Resources US Inc.',1,442251,'IZ46','GXK797'),(212,'Ashford Hospitality Trust Inc',2,35166,'FF96','FQM554'),(213,'BLDRS Europe 100 ADR Index Fund',3,288637,'QB93','DOR906'),(214,'TESARO, Inc.',4,292281,'UI33','LUP578'),(215,'USANA Health Sciences, Inc.',5,90681,'ZF68','JVU053'),(216,'ProQR Therapeutics N.V.',6,336227,'KF91','GML692'),(217,'DSP Group, Inc.',7,317168,'NF80','WIH879'),(218,'Heritage Commerce Corp',8,192903,'LP82','LON046'),(219,'Gabelli Equity Trust, Inc. (The)',9,414641,'UY14','XQJ305'),(220,'Premier Financial Bancorp, Inc.',10,104371,'MR99','JTF916'),(221,'Qwest Corporation',1,433645,'IS03','SSP447'),(222,'The Ultimate Software Group, Inc.',2,50807,'BL60','AIM473'),(223,'Brocade Communications Systems, Inc.',3,169870,'KB99','HSD344'),(224,'U.S. Bancorp',4,431975,'MR20','KFQ217'),(225,'Aqua Metals, Inc.',5,286479,'FE75','PHP466'),(226,'Vantiv, Inc.',6,245513,'AQ24','PMV309'),(227,'HSBC Holdings plc',7,454920,'LM16','WHF706'),(228,'Morgan Stanley',8,364078,'UE62','OPX580'),(229,'Syros Pharmaceuticals, Inc.',9,461302,'SI12','JZV021'),(230,'Nuveen Connecticut Quality Municipal Income Fund',10,79217,'ZN66','HYZ545'),(231,'Ashford Hospitality Trust Inc',1,481396,'EK83','SUK364'),(232,'U.S. Bancorp',2,401429,'PU57','INW402'),(233,'Inovalon Holdings, Inc.',3,409271,'FG25','IRT616'),(234,'Dorian LPG Ltd.',4,480168,'RB01','LXY141'),(235,'CYS Investments, Inc.',5,142583,'TU57','JGT132'),(236,'CASI Pharmaceuticals, Inc.',6,259264,'JX86','LFG843'),(237,'Blackrock MuniYield New York Quality Fund, Inc.',7,206745,'DB20','TXK966'),(238,'Community Healthcare Trust Incorporated',8,377739,'ZL96','UXG971'),(239,'Costco Wholesale Corporation',9,358995,'OD37','SLN889'),(240,'NCI, Inc.',10,252338,'TV12','KWV721'),(241,'Nuveen Preferred Income Opportunites Fund',1,303100,'NG26','PDR854'),(242,'Cintas Corporation',2,420064,'FI24','KVT815'),(243,'Cohen & Steers Select Preferred and Income Fund, Inc.',3,176833,'KW79','DTF152'),(244,'Western Asset High Yield Defined Opportunity Fund Inc.',4,210503,'CR14','JLJ493'),(245,'Amyris, Inc.',5,411355,'MH94','MRP215'),(246,'United Fire Group, Inc',6,99716,'ID50','PUB658'),(247,'Agnico Eagle Mines Limited',7,237563,'IX16','MGS115'),(248,'Blackrock MuniVest Fund II, Inc.',8,490021,'ZF68','MGB047'),(249,'People\'s United Financial, Inc.',9,258145,'PA11','PFO315'),(250,'Eaton vance Floating-Rate Income Plus Fund',10,160956,'UR43','RWZ577'),(251,'SunTrust Banks, Inc.',1,255326,'LM16','WHF706'),(252,'Immuron Limited',2,488015,'GK32','KEE587'),(253,'NF Energy Saving Corporation',3,454739,'PU57','DOH167'),(254,'Enzo Biochem, Inc.',4,436181,'AY61','BGD703'),(255,'KraneShares CSI China Internet ETF',5,52382,'JV49','IBE171'),(256,'EnteroMedics Inc.',6,423851,'WI58','FOF490'),(257,'Culp, Inc.',7,252519,'DL78','RKO489'),(258,'Tactile Systems Technology, Inc.',8,135096,'VV60','OGQ315'),(259,'Ingevity Corporation',9,435255,'DT88','VPL790'),(260,'First Bank',10,491644,'OB25','LRK483'),(261,'Macro Bank Inc.',1,426511,'UW08','SDD681'),(262,'Welbilt, Inc.',2,93798,'YE69','DXB711'),(263,'Second Sight Medical Products, Inc.',3,39103,'NN86','CRJ713'),(264,'Highland Funds I',4,388319,'II13','PJN820'),(265,'Senomyx, Inc.',5,251571,'MR99','BOY353'),(266,'Southern National Bancorp of Virginia, Inc.',6,352471,'VF12','PUB658'),(267,'First Trust High Yield Long/Short ETF',7,439574,'BQ64','MII063'),(268,'Blackrock MuniYield California Fund, Inc.',8,272740,'PN66','HXA076'),(269,'Alliance National Municipal Income Fund Inc',9,457528,'WM46','HXH178'),(270,'EnteroMedics Inc.',10,214765,'XV89','FPM791'),(271,'Portland General Electric Company',1,358476,'UP59','UIJ184'),(272,'Aon plc',2,208819,'GA70','BGK093'),(273,'First Trust Specialty Finance and Financial Opportunities Fund',3,258977,'ZL31','IDO917'),(274,'Triumph Group, Inc.',4,451617,'PX38','GDR688'),(275,'Student Transportation Inc',5,463108,'VW55','OES817'),(276,'Summit State Bank',6,435555,'CQ78','FSD035'),(277,'Royal Bank Scotland plc (The)',7,397737,'XE97','JTN670'),(278,'Farmland Partners Inc.',8,286318,'VF40','NQS112'),(279,'Lombard Medical, Inc.',9,338103,'NN86','FWW335'),(280,'PowerShares LadderRite 0-5 Year Corporate Bond Portfolio',10,185496,'ZM44','UIJ184'),(281,'Blackrock MuniYield California Insured Fund, Inc.',1,431517,'PA11','LXY141'),(282,'Conifer Holdings, Inc.',2,416906,'TV12','DGP318'),(283,'Five9, Inc.',3,269317,'CR14','UXG971'),(284,'Vanguard Total International Bond ETF',4,453449,'AQ24','SFI380'),(285,'PPG Industries, Inc.',5,369199,'RI55','TRP918'),(286,'CVR Refining, LP',6,181964,'MB63','ZJX178'),(287,'Oracle Corporation',7,243191,'IG13','FYK953'),(288,'Asure Software Inc',8,171191,'XG11','KWV721'),(289,'Seneca Foods Corp.',9,483055,'RT19','CBU561'),(290,'Intuit Inc.',10,160973,'FI24','BLJ327'),(291,'NASDAQ TEST STOCK',1,477422,'ZH20','TCL452'),(292,'Janus Henderson Small/Mid Cap Growth Alpha ETF',2,109727,'FG25','BOE210'),(293,'Revance Therapeutics, Inc.',3,418992,'SL60','RLH480'),(294,'Pimco Income Opportunity Fund',4,284025,'JV49','KMK796'),(295,'United Insurance Holdings Corp.',5,284906,'TH25','MGS115'),(296,'Bob Evans Farms, Inc.',6,499315,'VC00','BXA826'),(297,'Callon Petroleum Company',7,285782,'DL78','NVJ931'),(298,'Monster Beverage Corporation',8,124653,'BQ64','OIW400'),(299,'SunPower Corporation',9,414357,'ZQ75','LXV699'),(300,'SPDR Dorsey Wright Fixed Income Allocation ETF',10,423865,'OD37','DCB743'),(301,'Key Tronic Corporation',1,17190,'UE62','LUP578'),(302,'Banc of California, Inc.',2,81353,'IX16','QEA125'),(303,'L3 Technologies, Inc.',3,456220,'VF12','UIJ184'),(304,'Investar Holding Corporation',4,126322,'YC26','KEE587'),(305,'Mexico Equity and Income Fund, Inc. (The)',5,148213,'OK17','TZK784'),(306,'Foresight Energy LP',6,258114,'UW08','CLN352'),(307,'Bank of America Corporation',7,433364,'BR77','BXA826'),(308,'Barington/Hilco Acquisition Corp.',8,24327,'NS18','LGH867'),(309,'PICO Holdings Inc.',9,124646,'YE69','DCB743'),(310,'Extra Space Storage Inc',10,301394,'RB01','DGP318'),(311,'PC Connection, Inc.',1,404744,'PX38','ADL652'),(312,'Chembio Diagnostics, Inc.',2,102568,'NU61','LDJ186'),(313,'Bryn Mawr Bank Corporation',3,326490,'XU30','CYI390'),(314,'J. Jill, Inc.',4,116665,'CM00','JFA148'),(315,'BB&T Corporation',5,336275,'RY20','FWO460'),(316,'Bank of America Corporation',6,27444,'LP82','OGQ315'),(317,'Lsb Industries Inc.',7,493744,'BL60','NVJ931'),(318,'Aegon NV',8,277368,'MF99','IEG087'),(319,'Nymox Pharmaceutical Corporation',9,188415,'QM37','PMV309'),(320,'IBERIABANK Corporation',10,120949,'UY14','YVE542'),(321,'Inogen, Inc',1,27896,'CQ78','OSF358'),(322,'Express Scripts Holding Company',2,117742,'RY00','GRM824'),(323,'EnteroMedics Inc.',3,121114,'BQ64','YBB816'),(324,'Aspen Insurance Holdings Limited',4,239010,'MC47','HTA289'),(325,'ARI Network Services, Inc.',5,374368,'XJ82','SGY258'),(326,'Equity Commonwealth',6,102369,'TZ93','LZH216'),(327,'HealthSouth Corporation',7,259602,'MJ55','LQX115'),(328,'Mosaic Company (The)',8,352718,'UW08','SOV653'),(329,'Riverview Bancorp Inc',9,205254,'DU97','WNY085'),(330,'Everbridge, Inc.',10,17776,'UF57','PKB161'),(331,'Regal Beloit Corporation',1,29075,'SU59','SSP447'),(332,'Magellan Midstream Partners L.P.',2,268974,'NU61','YBB816'),(333,'First Trust Dynamic Europe Equity Income Fund',3,367165,'KF91','ZHO595'),(334,'Crossroads Systems, Inc.',4,76800,'IG13','FUW306'),(335,'Electrum Special Acquisition Corporation',5,373288,'NF80','TVO741'),(336,'Community Bankers Trust Corporation.',6,203755,'OK17','YRB438'),(337,'LM Funding America, Inc.',7,222672,'MB63','DVF613'),(338,'Flex Ltd.',8,142618,'EE04','IBE171'),(339,'Esperion Therapeutics, Inc.',9,75354,'ZC50','SDD681'),(340,'Oaktree Capital Group, LLC',10,437728,'CM00','XGC827'),(341,'Concurrent Computer Corporation',1,425243,'VF40','CPW553'),(342,'Safe Bulkers, Inc',2,279991,'MI42','IXJ854'),(343,'Pearson, Plc',3,195267,'RL28','GML692'),(344,'Merus Labs International Inc.',4,396257,'PA11','TMK350'),(345,'Mitsubishi UFJ Financial Group Inc',5,408672,'EW57','FOF490'),(346,'CA Inc.',6,191219,'JZ19','TVG647'),(347,'American Homes 4 Rent',7,284862,'IK02','AMF690'),(348,'Cogentix Medical, Inc.',8,84932,'PU57','MGB047'),(349,'Cimarex Energy Co',9,312861,'XG11','IAZ213'),(350,'DLH Holdings Corp.',10,341835,'TR38','TBP352'),(351,'Insys Therapeutics, Inc.',1,11899,'UF57','RJH951'),(352,'Diebold Nixdorf Incorporated',2,416196,'IG13','RUR568'),(353,'ASB Bancorp, Inc.',3,51621,'YC26','ALA030'),(354,'TripAdvisor, Inc.',4,358754,'II13','TWK448'),(355,'Hostess Brands, Inc.',5,497772,'RU93','WIH879'),(356,'Collegium Pharmaceutical, Inc.',6,161632,'RL28','TYQ924'),(357,'Avis Budget Group, Inc.',7,411323,'VV60','FEN184'),(358,'Dreyfus Municipal Bond Infrastructure Fund, Inc.',8,327568,'XJ82','YJN060'),(359,'MB Financial Inc.',9,175007,'IS03','LCX725'),(360,'U.S. Bancorp',10,116189,'ZA25','WIJ926'),(361,'Care Capital Properties, Inc.',1,138315,'EK83','XKO359'),(362,'CareDx, Inc.',2,384729,'PA11','SDD681'),(363,'First Trust Switzerland AlphaDEX Fund',3,238851,'KW79','LQX115'),(364,'Vident International Equity Fund',4,11610,'NF80','ZFR756'),(365,'Liberty All-Star Equity Fund',5,35246,'IK02','GLQ661'),(366,'Mitsubishi UFJ Financial Group Inc',6,241695,'MJ55','YCU266'),(367,'Legg Mason BW Global Income Opportunities Fund Inc.',7,275760,'YW89','RWZ577'),(368,'Bellicum Pharmaceuticals, Inc.',8,172999,'CZ19','UIJ184'),(369,'Niagara Mohawk Holdings, Inc.',9,396410,'CM00','FZE884'),(370,'WageWorks, Inc.',10,493481,'UJ85','NVJ931'),(371,'Coherent, Inc.',1,271488,'VQ12','IQU419'),(372,'First Financial Northwest, Inc.',2,422324,'XD76','TZK784'),(373,'Banc of California, Inc.',3,269932,'NW09','TUR657'),(374,'IBERIABANK Corporation',4,195395,'MP40','TVG647'),(375,'OncoSec Medical Incorporated',5,146949,'ZF68','NLD812'),(376,'Sunworks, Inc.',6,275544,'RL28','ANX309'),(377,'Wells Fargo & Company',7,291461,'TX16','VRX739'),(378,'INVESCO MORTGAGE CAPITAL INC',8,210346,'EW57','IJQ419'),(379,'The Dixie Group, Inc.',9,473150,'DT88','SQF785'),(380,'Speedway Motorsports, Inc.',10,242832,'VI77','WLN040'),(381,'CommerceHub, Inc.',1,33776,'PA11','YRB438'),(382,'Qualys, Inc.',2,166356,'ZL31','HTA289'),(383,'Communications Systems, Inc.',3,430075,'PS95','YHO595'),(384,'Colony NorthStar, Inc.',4,152944,'UR43','YEX329'),(385,'Blackrock Capital and Income Strategies Fund Inc',5,184060,'RP08','XVL068'),(386,'Cable One, Inc.',6,136759,'NU61','HWM104'),(387,'RF Industries, Ltd.',7,238581,'FT51','OSF358'),(388,'Purefunds Solactive FinTech ETF',8,152454,'UJ85','LYA593'),(389,'PowerShares DWA Healthcare Momentum Portfolio',9,70739,'OG66','LZH216'),(390,'Arbor Realty Trust',10,114543,'CM00','QSJ921'),(391,'iPath US Treasury Steepener ETN',1,47856,'FF96','RKO489'),(392,'THL Credit, Inc.',2,334056,'XJ82','OOA432'),(393,'PennantPark Floating Rate Capital Ltd.',3,493290,'ZH20','IAZ213'),(394,'iShares MSCI USA ESG Optimized ETF',4,347286,'NW37','XBD195'),(395,'Becton, Dickinson and Company',5,50925,'UY14','BGK093'),(396,'Bridgeline Digital, Inc.',6,44135,'GN26','AOM414'),(397,'Blackrock MuniVest Fund II, Inc.',7,454475,'BR77','HXA076'),(398,'Capital One Financial Corporation',8,493248,'TJ41','AMF690'),(399,'FSB Bancorp, Inc.',9,19905,'OZ57','TCL452'),(400,'PartnerRe Ltd.',10,230718,'JV49','DGA145'),(401,'Kimball Electronics, Inc.',1,451530,'MP40','DFL659'),(402,'Blackrock New York Municipal 2018 Term Trust',2,408198,'UW08','GJF912'),(403,'Telephone and Data Systems, Inc.',3,250565,'QM37','UJF912'),(404,'Hallmark Financial Services, Inc.',4,410146,'YC26','OPX580'),(405,'TravelCenters of America LLC',5,74577,'EP66','JZV021'),(406,'500.com Limited',6,159995,'YZ58','MFG189'),(407,'Akoustis Technologies, Inc.',7,451922,'PU57','TVO741'),(408,'Enanta Pharmaceuticals, Inc.',8,27444,'MT65','QUO943'),(409,'Nortech Systems Incorporated',9,320489,'XU30','ANX309'),(410,'First Foundation Inc.',10,329629,'NG26','GLQ661'),(411,'Nortech Systems Incorporated',1,172937,'IO22','OSF358'),(412,'MuleSoft, Inc.',2,289099,'GK32','ZJX178'),(413,'Electronics for Imaging, Inc.',3,161678,'NN86','DCB743'),(414,'Cintas Corporation',4,142965,'SI12','FEN184'),(415,'AmeriServ Financial Inc.',5,59693,'UJ85','GXK797'),(416,'Fulton Financial Corporation',6,397979,'QT57','OES817'),(417,'Maxwell Technologies, Inc.',7,228421,'KB99','BXA826'),(418,'Emclaire Financial Corp',8,406085,'MH94','XTG390'),(419,'Enel Generacion Chile S.A.',9,387318,'UI33','XGC827'),(420,'Cresud S.A.C.I.F. y A.',10,261517,'CQ78','RWZ577'),(421,'John Hancock Tax-Advantaged Global Shareholder Yield Fund',1,180415,'FT51','MJW657'),(422,'Nasdaq, Inc.',2,294476,'GA70','WAT254'),(423,'Digi International Inc.',3,122523,'RP08','XIS085'),(424,'Mexico Fund, Inc. (The)',4,41848,'CM00','EJM560'),(425,'PAR Technology Corporation',5,15787,'TH25','HXS410'),(426,'Sunrun Inc.',6,68518,'OZ57','AAW271'),(427,'PartnerRe Ltd.',7,305680,'VF40','GCZ461'),(428,'Patriot National, Inc.',8,477034,'DL78','WXB639'),(429,'First Trust Asia Pacific Ex-Japan AlphaDEX Fund',9,460120,'XV89','PDR854'),(430,'Sina Corporation',10,245910,'SU59','UFB045'),(431,'Insight Select Income Fund',1,201800,'JZ19','PFO315'),(432,'Aduro Biotech, Inc.',2,370144,'FI24','ANX309'),(433,'Hennessy Advisors, Inc.',3,134788,'VI77','HXH178'),(434,'Leucadia National Corporation',4,48913,'ZL96','UYE810'),(435,'Werner Enterprises, Inc.',5,261071,'VC00','WAT254'),(436,'BB&T Corporation',6,480809,'UI33','DVF613'),(437,'Envision Healthcare Corporation',7,244961,'SI12','FWW335'),(438,'Pimco New York Municipal Income Fund II',8,122398,'UJ85','GML692'),(439,'Dominion Energy, Inc.',9,124135,'PS95','PHW712'),(440,'Tocagen Inc.',10,99161,'HS79','PMV309'),(441,'German American Bancorp, Inc.',1,61770,'NF80','DOR906'),(442,'West Bancorporation',2,228022,'WI58','LRK483'),(443,'F.N.B. Corporation',3,425719,'AH42','OOW335'),(444,'Mexico Equity and Income Fund, Inc. (The)',4,237796,'LA72','SOH439'),(445,'Jack In The Box Inc.',5,122284,'PX38','NEG707'),(446,'Motorola Solutions, Inc.',6,94153,'DU97','JGT132'),(447,'Akorn, Inc.',7,354421,'UP59','KDN432'),(448,'Northrim BanCorp Inc',8,339911,'EW57','MDX097'),(449,'Seabridge Gold, Inc.',9,42086,'UE62','QSJ921'),(450,'Oil-Dri Corporation Of America',10,62727,'MC47','MTN610'),(451,'Seneca Foods Corp.',1,103614,'VF40','UFX484'),(452,'Darden Restaurants, Inc.',2,146704,'UE62','AAW271'),(453,'SeaWorld Entertainment, Inc.',3,395581,'FG25','NEG707'),(454,'Gartner, Inc.',4,435454,'PA11','EJM560'),(455,'CF Industries Holdings, Inc.',5,77586,'XD76','ZUJ815'),(456,'Gener8 Maritime, Inc.',6,302204,'QM37','GXK797'),(457,'Kemet Corporation',7,258974,'ND73','ANX309'),(458,'Simon Property Group, Inc.',8,51291,'RP08','MTN610'),(459,'Morgan Stanley',9,228159,'ZM44','UXG971'),(460,'Allete, Inc.',10,140006,'IX16','ZJX178'),(461,'Gulfport Energy Corporation',1,161942,'XJ82','XQT627'),(462,'Verisk Analytics, Inc.',2,271346,'FT51','ICU717'),(463,'Ship Finance International Limited',3,10626,'GA70','NVJ931'),(464,'Paylocity Holding Corporation',4,165580,'HM85','FOK536'),(465,'Vanguard International High Dividend Yield ETF',5,15965,'OB25','NQS112'),(466,'Gabelli Utility Trust (The)',6,306453,'TC48','FSD035'),(467,'China Finance Online Co. Limited',7,406940,'MJ55','FGC740'),(468,'Eaton Vance Municipal Income Trust',8,476649,'MH94','TXK966'),(469,'Putnam Master Intermediate Income Trust',9,287264,'MI42','SFI380'),(470,'Arc Logistic Partners LP',10,458382,'JZ19','OWF812'),(471,'Incyte Corporation',1,30491,'JF11','ZHO595'),(472,'Delta Natural Gas Company, Inc.',2,250393,'IK02','DTF152'),(473,'First Trust Indxx Global Agriculture ETF',3,279208,'XG11','LRO439'),(474,'Wells Fargo & Company',4,402014,'AH42','ADL652'),(475,'Willamette Valley Vineyards, Inc.',5,353275,'RB01','VTJ459'),(476,'Constellation Brands Inc',6,236576,'JB27','WSM081'),(477,'Lloyds Banking Group Plc',7,260590,'ZN66','RUR568'),(478,'Southern Company (The)',8,407504,'NU61','LYA593'),(479,'Columbia Property Trust, Inc.',9,328703,'MP40','CYI390'),(480,'Sigma Designs, Inc.',10,86974,'II13','VCS913'),(481,'XBiotech Inc.',1,336279,'VF12','BOY353'),(482,'Jabil Inc.',2,393968,'JX86','IXJ854'),(483,'First Trust Dorsey Wright International Focus 5 ETF',3,46592,'UE62','YJN060'),(484,'Synopsys, Inc.',4,439236,'QT57','KDN432'),(485,'Staffing 360 Solutions, Inc.',5,27085,'QM24','XBD195'),(486,'Red Hat, Inc.',6,403408,'CM00','MGS115'),(487,'Star Gas Partners, L.P.',7,406701,'IX77','CBM588'),(488,'First Trust Multi Cap Value AlphaDEX Fund',8,387662,'CZ19','CUK008'),(489,'First Trust Capital Strength ETF',9,438477,'DL78','XQT627'),(490,'Kayne Anderson Midstream Energy Fund, Inc',10,301073,'LA72','JDT261'),(491,'Plug Power, Inc.',1,212333,'AA79','ANL472'),(492,'InfoSonics Corp',2,405998,'AQ24','DOH167'),(493,'SkyWest, Inc.',3,35980,'TC48','NTR707'),(494,'j2 Global, Inc.',4,155052,'PU57','RJH951'),(495,'Qwest Corporation',5,38839,'TU57','SOV653'),(496,'G-III Apparel Group, LTD.',6,440020,'ZL96','ZPB811'),(497,'tronc, Inc.',7,216918,'OG66','KVT815'),(498,'Solaris Oilfield Infrastructure, Inc.',8,163337,'OB25','UKC286'),(499,'United Bancorp, Inc.',9,451464,'ZA25','LRO439'),(500,'FirstEnergy Corporation',10,40113,'TZ93','NLD812');
/*!40000 ALTER TABLE `pesanan` ENABLE KEYS */;
UNLOCK TABLES;

--
-- Table structure for table `promo`
--

DROP TABLE IF EXISTS `promo`;
/*!40101 SET @saved_cs_client     = @@character_set_client */;
/*!50503 SET character_set_client = utf8mb4 */;
CREATE TABLE `promo` (
  `kode_promo` varchar(50) NOT NULL,
  `nama_promo` varchar(50) CHARACTER SET utf8mb4 COLLATE utf8mb4_0900_ai_ci NOT NULL,
  `deskripsi_promo` varchar(128) CHARACTER SET utf8mb4 COLLATE utf8mb4_0900_ai_ci NOT NULL,
  `diskon` int NOT NULL,
  `id_pelanggan` varchar(50) CHARACTER SET utf8mb4 COLLATE utf8mb4_0900_ai_ci NOT NULL,
  PRIMARY KEY (`kode_promo`),
  KEY `promo_FK` (`id_pelanggan`),
  CONSTRAINT `promo_FK` FOREIGN KEY (`id_pelanggan`) REFERENCES `pelanggan` (`id_pelanggan`) ON DELETE CASCADE ON UPDATE CASCADE
) ENGINE=InnoDB DEFAULT CHARSET=utf8mb4 COLLATE=utf8mb4_0900_ai_ci;
/*!40101 SET character_set_client = @saved_cs_client */;

--
-- Dumping data for table `promo`
--

LOCK TABLES `promo` WRITE;
/*!40000 ALTER TABLE `promo` DISABLE KEYS */;
INSERT INTO `promo` VALUES ('AAHZ3893','COBAINGRAB','Diskon spesial 50 persen menggunakan kode promo GrabBike & GrabFood.',50,'XIUC297'),('ACYS1838','GRABFBAE','Diskon GrabFood dan GrabBike dengan diskon hingga 40 persen.',40,'NDLU607'),('AEDH0644','GRABDAY','Nikmati potongan harga hingga 90 persen GrabBike dan GrabFood.',90,'PMHU386'),('AFAZ6332','YUKGRAB','Bepergian lebih hemat hingga 95 persen dengan promosi GrabBike dan GrabFood.',95,'FTOP007'),('AJVV6426','GRABDAY','Nikmati potongan harga hingga 90 persen GrabBike dan GrabFood.',90,'AFJC315'),('ALRY7459','YUKGRAB','Bepergian lebih hemat hingga 95 persen dengan promosi GrabBike dan GrabFood.',95,'CTTV142'),('AOOL8002','GRABDAY','Nikmati potongan harga hingga 90 persen GrabBike dan GrabFood.',90,'XOSA707'),('AORK8023','GRABHEMAT','Bepergian dan pesan makanan hemat hingga 90 persen.',90,'DIFN998'),('APWW5977','HEMAT50','Diskon ekstra 50 persen untuk pesan makanan di GrabFood dan bepergian dengan GrabBike.',50,'PWCI132'),('AQQI0620','HEMAT30','Diskon ekstra 30 persen untuk pesan menu makanan GrabFood dan bepergian dengan GrabBike.',30,'NQBV627'),('AUDJ7683','YUKPAKEGRAB','Kode promo Grab ini dan nikmati potongan harga hingga 90 persen Grab Food  dan Grab Bike.',90,'PAOX372'),('AUYP0754','EKSTRAJALAN','Dapat diskon 99 persen untuk bepergian dengan Grab Bike dan pesan makanan dengan Grab Food.',99,'FCNY055'),('AVUF6852','HEMAT50','Diskon ekstra 50 persen untuk pesan makanan di GrabFood dan bepergian dengan GrabBike.',50,'PQRA160'),('AWBT5337','GRABFBAE','Diskon GrabFood dan GrabBike dengan diskon hingga 40 persen.',40,'THEY103'),('AWVE6022','GRABDAY','Nikmati potongan harga hingga 90 persen GrabBike dan GrabFood.',90,'GKHH979'),('AZXU6737','YUKGRAB','Bepergian lebih hemat hingga 95 persen dengan promosi GrabBike dan GrabFood.',95,'XAFS613'),('BASL6863','GRABHEMAT','Bepergian dan pesan makanan hemat hingga 90 persen.',90,'WZZH018'),('BDXB4897','HEMAT50','Diskon ekstra 50 persen untuk pesan makanan di GrabFood dan bepergian dengan GrabBike.',50,'SGBB470'),('BFJF0404','YUKPAKEGRAB','Kode promo Grab ini dan nikmati potongan harga hingga 90 persen Grab Food  dan Grab Bike.',90,'XIUC297'),('BHPL3032','YUKPAKEGRAB','Kode promo Grab ini dan nikmati potongan harga hingga 90 persen Grab Food  dan Grab Bike.',90,'MKUU863'),('BIQE5523','EKSTRAJALAN','Dapat diskon 99 persen untuk bepergian dengan Grab Bike dan pesan makanan dengan Grab Food.',99,'TWDH298'),('BLCQ7523','HEMAT50','Diskon ekstra 50 persen untuk pesan makanan di GrabFood dan bepergian dengan GrabBike.',50,'YSJQ675'),('BMPE3605','COBAINGRAB','Diskon spesial 50 persen menggunakan kode promo GrabBike & GrabFood.',50,'ZRDJ806'),('BNLG7626','EKSTRAJALAN','Dapat diskon 99 persen untuk bepergian dengan Grab Bike dan pesan makanan dengan Grab Food.',99,'JSBF618'),('BPQV1210','GRABDAY','Nikmati potongan harga hingga 90 persen GrabBike dan GrabFood.',90,'OYHI263'),('BRCC2019','YUKPAKEGRAB','Kode promo Grab ini dan nikmati potongan harga hingga 90 persen Grab Food  dan Grab Bike.',90,'MLZD377'),('BTOB9860','HEMAT50','Diskon ekstra 50 persen untuk pesan makanan di GrabFood dan bepergian dengan GrabBike.',50,'XAFS613'),('BUZS9942','YUKPAKEGRAB','Kode promo Grab ini dan nikmati potongan harga hingga 90 persen Grab Food  dan Grab Bike.',90,'UQGX266'),('BVJJ0490','GRABFBAE','Diskon GrabFood dan GrabBike dengan diskon hingga 40 persen.',40,'FRHC761'),('BZZW6027','YUKGRAB','Bepergian lebih hemat hingga 95 persen dengan promosi GrabBike dan GrabFood.',95,'PWCI132'),('CCHV9843','EKSTRAJALAN','Dapat diskon 99 persen untuk bepergian dengan Grab Bike dan pesan makanan dengan Grab Food.',99,'LSUJ408'),('CCYM9776','GRABDAY','Nikmati potongan harga hingga 90 persen GrabBike dan GrabFood.',90,'YQDH477'),('CLKZ9635','EKSTRAJALAN','Dapat diskon 99 persen untuk bepergian dengan Grab Bike dan pesan makanan dengan Grab Food.',99,'SGBB470'),('CNFE4184','YUKPAKEGRAB','Kode promo Grab ini dan nikmati potongan harga hingga 90 persen Grab Food  dan Grab Bike.',90,'LNWT727'),('COYH7557','HEMAT50','Diskon ekstra 50 persen untuk pesan makanan di GrabFood dan bepergian dengan GrabBike.',50,'IPMR947'),('CTYO0360','YUKGRAB','Bepergian lebih hemat hingga 95 persen dengan promosi GrabBike dan GrabFood.',95,'UXVE033'),('CVMF3629','YUKGRAB','Bepergian lebih hemat hingga 95 persen dengan promosi GrabBike dan GrabFood.',95,'FOMY737'),('CXMI2412','YUKPAKEGRAB','Kode promo Grab ini dan nikmati potongan harga hingga 90 persen Grab Food  dan Grab Bike.',90,'RFXJ940'),('CYXL2801','YUKGRAB','Bepergian lebih hemat hingga 95 persen dengan promosi GrabBike dan GrabFood.',95,'QKPP411'),('DAWP9240','YUKPAKEGRAB','Kode promo Grab ini dan nikmati potongan harga hingga 90 persen Grab Food  dan Grab Bike.',90,'EQMS943'),('DBHO3678','EKSTRAJALAN','Dapat diskon 99 persen untuk bepergian dengan Grab Bike dan pesan makanan dengan Grab Food.',99,'JAQP228'),('DBMA6633','GRABHEMAT','Bepergian dan pesan makanan hemat hingga 90 persen.',90,'YAWJ238'),('DCNO3103','HEMAT50','Diskon ekstra 50 persen untuk pesan makanan di GrabFood dan bepergian dengan GrabBike.',50,'PTBJ509'),('DEQY5014','HEMAT30','Diskon ekstra 30 persen untuk pesan menu makanan GrabFood dan bepergian dengan GrabBike.',30,'OIFB739'),('DFUT2762','GRABFBAE','Diskon GrabFood dan GrabBike dengan diskon hingga 40 persen.',40,'BDRX936'),('DHRW8386','HEMAT30','Diskon ekstra 30 persen untuk pesan menu makanan GrabFood dan bepergian dengan GrabBike.',30,'FUZD051'),('DJHM8970','HEMAT30','Diskon ekstra 30 persen untuk pesan menu makanan GrabFood dan bepergian dengan GrabBike.',30,'YMIA914'),('DJQS8625','EKSTRAJALAN','Dapat diskon 99 persen untuk bepergian dengan Grab Bike dan pesan makanan dengan Grab Food.',99,'ANUX468'),('DNXH9433','GRABFBAE','Diskon GrabFood dan GrabBike dengan diskon hingga 40 persen.',40,'PGGX770'),('DORR0411','GRABFBAE','Diskon GrabFood dan GrabBike dengan diskon hingga 40 persen.',40,'IHIF614'),('DQOW2447','GRABHEMAT','Bepergian dan pesan makanan hemat hingga 90 persen.',90,'JPRE579'),('DUDD6914','EKSTRAJALAN','Dapat diskon 99 persen untuk bepergian dengan Grab Bike dan pesan makanan dengan Grab Food.',99,'JTQN184'),('DVSP4036','GRABDAY','Nikmati potongan harga hingga 90 persen GrabBike dan GrabFood.',90,'TKVJ893'),('DXXM7050','COBAINGRAB','Diskon spesial 50 persen menggunakan kode promo GrabBike & GrabFood.',50,'WKQO605'),('DYCM5158','YUKPAKEGRAB','Kode promo Grab ini dan nikmati potongan harga hingga 90 persen Grab Food  dan Grab Bike.',90,'CJQY163'),('DZKA2884','COBAINGRAB','Diskon spesial 50 persen menggunakan kode promo GrabBike & GrabFood.',50,'THBM438'),('EAGQ9655','YUKGRAB','Bepergian lebih hemat hingga 95 persen dengan promosi GrabBike dan GrabFood.',95,'SWDP612'),('EBZU3236','YUKPAKEGRAB','Kode promo Grab ini dan nikmati potongan harga hingga 90 persen Grab Food  dan Grab Bike.',90,'WCEJ484'),('ECLV2151','EKSTRAJALAN','Dapat diskon 99 persen untuk bepergian dengan Grab Bike dan pesan makanan dengan Grab Food.',99,'FPSI963'),('EDZU3548','GRABDAY','Nikmati potongan harga hingga 90 persen GrabBike dan GrabFood.',90,'UPRD170'),('EEQW4588','GRABDAY','Nikmati potongan harga hingga 90 persen GrabBike dan GrabFood.',90,'ZKNU798'),('EGHC6807','EKSTRAJALAN','Dapat diskon 99 persen untuk bepergian dengan Grab Bike dan pesan makanan dengan Grab Food.',99,'HGIF346'),('EKBE4527','COBAINGRAB','Diskon spesial 50 persen menggunakan kode promo GrabBike & GrabFood.',50,'WCBY359'),('EMUL0124','COBAINGRAB','Diskon spesial 50 persen menggunakan kode promo GrabBike & GrabFood.',50,'ESTZ536'),('EMZW5549','GRABDAY','Nikmati potongan harga hingga 90 persen GrabBike dan GrabFood.',90,'YHOY181'),('EOLO5230','HEMAT30','Diskon ekstra 30 persen untuk pesan menu makanan GrabFood dan bepergian dengan GrabBike.',30,'VUED842'),('ETBD6268','YUKGRAB','Bepergian lebih hemat hingga 95 persen dengan promosi GrabBike dan GrabFood.',95,'HNJL193'),('EWXL2288','YUKPAKEGRAB','Kode promo Grab ini dan nikmati potongan harga hingga 90 persen Grab Food  dan Grab Bike.',90,'DTGW086'),('EXVI6877','YUKGRAB','Bepergian lebih hemat hingga 95 persen dengan promosi GrabBike dan GrabFood.',95,'IRQC713'),('EXXZ0091','GRABHEMAT','Bepergian dan pesan makanan hemat hingga 90 persen.',90,'UABJ805'),('FEVJ6825','GRABDAY','Nikmati potongan harga hingga 90 persen GrabBike dan GrabFood.',90,'TVCQ911'),('FFMP9223','YUKPAKEGRAB','Kode promo Grab ini dan nikmati potongan harga hingga 90 persen Grab Food  dan Grab Bike.',90,'KMCK316'),('FHRV4102','YUKPAKEGRAB','Kode promo Grab ini dan nikmati potongan harga hingga 90 persen Grab Food  dan Grab Bike.',90,'TUBQ661'),('FJKI4373','GRABHEMAT','Bepergian dan pesan makanan hemat hingga 90 persen.',90,'TKVJ893'),('FLTS5281','GRABDAY','Nikmati potongan harga hingga 90 persen GrabBike dan GrabFood.',90,'YDOQ175'),('FMQE9963','YUKGRAB','Bepergian lebih hemat hingga 95 persen dengan promosi GrabBike dan GrabFood.',95,'RWOR873'),('FNHR3998','GRABDAY','Nikmati potongan harga hingga 90 persen GrabBike dan GrabFood.',90,'YBAK787'),('FNQK4408','YUKPAKEGRAB','Kode promo Grab ini dan nikmati potongan harga hingga 90 persen Grab Food  dan Grab Bike.',90,'PZQF016'),('FQNK8254','EKSTRAJALAN','Dapat diskon 99 persen untuk bepergian dengan Grab Bike dan pesan makanan dengan Grab Food.',99,'SDYT606'),('FRXI4462','GRABFBAE','Diskon GrabFood dan GrabBike dengan diskon hingga 40 persen.',40,'GHWO440'),('FSNX9660','EKSTRAJALAN','Dapat diskon 99 persen untuk bepergian dengan Grab Bike dan pesan makanan dengan Grab Food.',99,'ZEHO059'),('FWZG5904','HEMAT30','Diskon ekstra 30 persen untuk pesan menu makanan GrabFood dan bepergian dengan GrabBike.',30,'PKXJ240'),('GAIM1769','HEMAT30','Diskon ekstra 30 persen untuk pesan menu makanan GrabFood dan bepergian dengan GrabBike.',30,'PZQF016'),('GBWH4803','YUKPAKEGRAB','Kode promo Grab ini dan nikmati potongan harga hingga 90 persen Grab Food  dan Grab Bike.',90,'CMXF360'),('GHDJ0465','YUKPAKEGRAB','Kode promo Grab ini dan nikmati potongan harga hingga 90 persen Grab Food  dan Grab Bike.',90,'BVMK218'),('GIPV4582','YUKGRAB','Bepergian lebih hemat hingga 95 persen dengan promosi GrabBike dan GrabFood.',95,'PTBJ509'),('GNKO5780','GRABFBAE','Diskon GrabFood dan GrabBike dengan diskon hingga 40 persen.',40,'IGJE347'),('GPSH1670','EKSTRAJALAN','Dapat diskon 99 persen untuk bepergian dengan Grab Bike dan pesan makanan dengan Grab Food.',99,'FOMY737'),('GQTN6170','YUKGRAB','Bepergian lebih hemat hingga 95 persen dengan promosi GrabBike dan GrabFood.',95,'AMUY358'),('GULC7589','GRABHEMAT','Bepergian dan pesan makanan hemat hingga 90 persen.',90,'PGGX770'),('GVBL3167','EKSTRAJALAN','Dapat diskon 99 persen untuk bepergian dengan Grab Bike dan pesan makanan dengan Grab Food.',99,'INSL685'),('GWWH3028','GRABHEMAT','Bepergian dan pesan makanan hemat hingga 90 persen.',90,'GIIQ862'),('GYJU0501','GRABHEMAT','Bepergian dan pesan makanan hemat hingga 90 persen.',90,'JEIH190'),('GYKA0103','EKSTRAJALAN','Dapat diskon 99 persen untuk bepergian dengan Grab Bike dan pesan makanan dengan Grab Food.',99,'YQVZ203'),('HBIE4261','HEMAT50','Diskon ekstra 50 persen untuk pesan makanan di GrabFood dan bepergian dengan GrabBike.',50,'JTQN184'),('HBQF7622','EKSTRAJALAN','Dapat diskon 99 persen untuk bepergian dengan Grab Bike dan pesan makanan dengan Grab Food.',99,'ZSIM473'),('HEVK0169','EKSTRAJALAN','Dapat diskon 99 persen untuk bepergian dengan Grab Bike dan pesan makanan dengan Grab Food.',99,'DMVA129'),('HLYO1416','COBAINGRAB','Diskon spesial 50 persen menggunakan kode promo GrabBike & GrabFood.',50,'SYCM229'),('HOPD9011','HEMAT50','Diskon ekstra 50 persen untuk pesan makanan di GrabFood dan bepergian dengan GrabBike.',50,'SWDP612'),('HVQN9079','EKSTRAJALAN','Dapat diskon 99 persen untuk bepergian dengan Grab Bike dan pesan makanan dengan Grab Food.',99,'QUEJ601'),('HXFG4960','GRABHEMAT','Bepergian dan pesan makanan hemat hingga 90 persen.',90,'XOSA707'),('HXJZ1764','COBAINGRAB','Diskon spesial 50 persen menggunakan kode promo GrabBike & GrabFood.',50,'BUTI919'),('HYRC7838','COBAINGRAB','Diskon spesial 50 persen menggunakan kode promo GrabBike & GrabFood.',50,'WXJU923'),('HZTL3155','COBAINGRAB','Diskon spesial 50 persen menggunakan kode promo GrabBike & GrabFood.',50,'KJAO176'),('IAOJ2068','HEMAT50','Diskon ekstra 50 persen untuk pesan makanan di GrabFood dan bepergian dengan GrabBike.',50,'JSBF618'),('ICPD1923','HEMAT50','Diskon ekstra 50 persen untuk pesan makanan di GrabFood dan bepergian dengan GrabBike.',50,'YQVZ203'),('IFIC6046','YUKPAKEGRAB','Kode promo Grab ini dan nikmati potongan harga hingga 90 persen Grab Food  dan Grab Bike.',90,'NQBV627'),('ILUJ1467','GRABFBAE','Diskon GrabFood dan GrabBike dengan diskon hingga 40 persen.',40,'WIFD346'),('IMCO4602','HEMAT50','Diskon ekstra 50 persen untuk pesan makanan di GrabFood dan bepergian dengan GrabBike.',50,'VWMW126'),('IMGA8249','YUKPAKEGRAB','Kode promo Grab ini dan nikmati potongan harga hingga 90 persen Grab Food  dan Grab Bike.',90,'VUED842'),('INKS8637','GRABDAY','Nikmati potongan harga hingga 90 persen GrabBike dan GrabFood.',90,'EBVW297'),('IVZG8346','HEMAT50','Diskon ekstra 50 persen untuk pesan makanan di GrabFood dan bepergian dengan GrabBike.',50,'SRWX558'),('IWOF1158','GRABDAY','Nikmati potongan harga hingga 90 persen GrabBike dan GrabFood.',90,'BDRX936'),('JETF6134','YUKPAKEGRAB','Kode promo Grab ini dan nikmati potongan harga hingga 90 persen Grab Food  dan Grab Bike.',90,'JDYF444'),('JETT9859','HEMAT50','Diskon ekstra 50 persen untuk pesan makanan di GrabFood dan bepergian dengan GrabBike.',50,'QUEJ601'),('JHSM4418','HEMAT30','Diskon ekstra 30 persen untuk pesan menu makanan GrabFood dan bepergian dengan GrabBike.',30,'ISUV370'),('JIVO5525','EKSTRAJALAN','Dapat diskon 99 persen untuk bepergian dengan Grab Bike dan pesan makanan dengan Grab Food.',99,'YGLE819'),('JJHX3516','GRABDAY','Nikmati potongan harga hingga 90 persen GrabBike dan GrabFood.',90,'WIFD346'),('JJKK6752','GRABFBAE','Diskon GrabFood dan GrabBike dengan diskon hingga 40 persen.',40,'IJTG903'),('JJOB8055','HEMAT50','Diskon ekstra 50 persen untuk pesan makanan di GrabFood dan bepergian dengan GrabBike.',50,'VOUL231'),('JKUM6463','HEMAT30','Diskon ekstra 30 persen untuk pesan menu makanan GrabFood dan bepergian dengan GrabBike.',30,'WKQO605'),('JLBX2058','HEMAT50','Diskon ekstra 50 persen untuk pesan makanan di GrabFood dan bepergian dengan GrabBike.',50,'GJMU404'),('JMIN1709','HEMAT50','Diskon ekstra 50 persen untuk pesan makanan di GrabFood dan bepergian dengan GrabBike.',50,'UOYS050'),('JRSO8903','GRABFBAE','Diskon GrabFood dan GrabBike dengan diskon hingga 40 persen.',40,'YHOY181'),('JZWB5936','EKSTRAJALAN','Dapat diskon 99 persen untuk bepergian dengan Grab Bike dan pesan makanan dengan Grab Food.',99,'HNJL193'),('KJMJ2361','EKSTRAJALAN','Dapat diskon 99 persen untuk bepergian dengan Grab Bike dan pesan makanan dengan Grab Food.',99,'RWOR873'),('KJZE2180','GRABHEMAT','Bepergian dan pesan makanan hemat hingga 90 persen.',90,'IHIF614'),('KKLJ4557','GRABDAY','Nikmati potongan harga hingga 90 persen GrabBike dan GrabFood.',90,'IOQT632'),('KLOV3212','GRABHEMAT','Bepergian dan pesan makanan hemat hingga 90 persen.',90,'IOQT632'),('KMYN7522','YUKGRAB','Bepergian lebih hemat hingga 95 persen dengan promosi GrabBike dan GrabFood.',95,'NRTA024'),('KQCH1369','GRABFBAE','Diskon GrabFood dan GrabBike dengan diskon hingga 40 persen.',40,'YQDH477'),('KVKS6000','GRABHEMAT','Bepergian dan pesan makanan hemat hingga 90 persen.',90,'TFBK567'),('KXRF8640','EKSTRAJALAN','Dapat diskon 99 persen untuk bepergian dengan Grab Bike dan pesan makanan dengan Grab Food.',99,'IRQC713'),('KZBO8491','GRABDAY','Nikmati potongan harga hingga 90 persen GrabBike dan GrabFood.',90,'XZFT108'),('LEES8500','GRABHEMAT','Bepergian dan pesan makanan hemat hingga 90 persen.',90,'THEY103'),('LGNY0083','COBAINGRAB','Diskon spesial 50 persen menggunakan kode promo GrabBike & GrabFood.',50,'OIFB739'),('LJMD0643','YUKPAKEGRAB','Kode promo Grab ini dan nikmati potongan harga hingga 90 persen Grab Food  dan Grab Bike.',90,'WCBY359'),('LJUQ2745','HEMAT30','Diskon ekstra 30 persen untuk pesan menu makanan GrabFood dan bepergian dengan GrabBike.',30,'EQMS943'),('LKOM5047','YUKGRAB','Bepergian lebih hemat hingga 95 persen dengan promosi GrabBike dan GrabFood.',95,'IPMR947'),('LKPK5247','GRABFBAE','Diskon GrabFood dan GrabBike dengan diskon hingga 40 persen.',40,'ENTN711'),('LPKL5114','YUKPAKEGRAB','Kode promo Grab ini dan nikmati potongan harga hingga 90 persen Grab Food  dan Grab Bike.',90,'BQCG610'),('LPWE8365','COBAINGRAB','Diskon spesial 50 persen menggunakan kode promo GrabBike & GrabFood.',50,'ZAUY994'),('LSEW2609','EKSTRAJALAN','Dapat diskon 99 persen untuk bepergian dengan Grab Bike dan pesan makanan dengan Grab Food.',99,'IPMR947'),('LURP0330','YUKPAKEGRAB','Kode promo Grab ini dan nikmati potongan harga hingga 90 persen Grab Food  dan Grab Bike.',90,'LVFO993'),('LUZG0955','HEMAT30','Diskon ekstra 30 persen untuk pesan menu makanan GrabFood dan bepergian dengan GrabBike.',30,'QUVI094'),('LVTT2785','GRABHEMAT','Bepergian dan pesan makanan hemat hingga 90 persen.',90,'BZWZ474'),('LWFH7114','GRABHEMAT','Bepergian dan pesan makanan hemat hingga 90 persen.',90,'FRHC761'),('MBJY2826','HEMAT50','Diskon ekstra 50 persen untuk pesan makanan di GrabFood dan bepergian dengan GrabBike.',50,'ZMHI379'),('MCBF3774','GRABDAY','Nikmati potongan harga hingga 90 persen GrabBike dan GrabFood.',90,'OMYO957'),('MCZU0603','YUKPAKEGRAB','Kode promo Grab ini dan nikmati potongan harga hingga 90 persen Grab Food  dan Grab Bike.',90,'QUVI094'),('MDTK2154','YUKGRAB','Bepergian lebih hemat hingga 95 persen dengan promosi GrabBike dan GrabFood.',95,'LSUJ408'),('MECJ6980','HEMAT50','Diskon ekstra 50 persen untuk pesan makanan di GrabFood dan bepergian dengan GrabBike.',50,'TWDH298'),('MPOV9683','HEMAT50','Diskon ekstra 50 persen untuk pesan makanan di GrabFood dan bepergian dengan GrabBike.',50,'FTOP007'),('MQMZ6548','GRABFBAE','Diskon GrabFood dan GrabBike dengan diskon hingga 40 persen.',40,'YAWJ238'),('MRVM1350','GRABFBAE','Diskon GrabFood dan GrabBike dengan diskon hingga 40 persen.',40,'XOSA707'),('MTZH7103','YUKPAKEGRAB','Kode promo Grab ini dan nikmati potongan harga hingga 90 persen Grab Food  dan Grab Bike.',90,'QMUN318'),('MWUN0513','YUKGRAB','Bepergian lebih hemat hingga 95 persen dengan promosi GrabBike dan GrabFood.',95,'ZSIM473'),('NABH5004','YUKGRAB','Bepergian lebih hemat hingga 95 persen dengan promosi GrabBike dan GrabFood.',95,'ELQW728'),('NCJT1555','GRABFBAE','Diskon GrabFood dan GrabBike dengan diskon hingga 40 persen.',40,'UCRV655'),('NGND3366','GRABDAY','Nikmati potongan harga hingga 90 persen GrabBike dan GrabFood.',90,'XQSI082'),('NKRQ6571','HEMAT30','Diskon ekstra 30 persen untuk pesan menu makanan GrabFood dan bepergian dengan GrabBike.',30,'LHON581'),('NLPZ4189','GRABHEMAT','Bepergian dan pesan makanan hemat hingga 90 persen.',90,'OMYO957'),('NMDH5781','GRABDAY','Nikmati potongan harga hingga 90 persen GrabBike dan GrabFood.',90,'TAUU578'),('NPCI9038','GRABDAY','Nikmati potongan harga hingga 90 persen GrabBike dan GrabFood.',90,'QYSF155'),('NRXB7851','HEMAT50','Diskon ekstra 50 persen untuk pesan makanan di GrabFood dan bepergian dengan GrabBike.',50,'HNJL193'),('NRXM4599','GRABDAY','Nikmati potongan harga hingga 90 persen GrabBike dan GrabFood.',90,'WDHO029'),('NSDM1146','YUKPAKEGRAB','Kode promo Grab ini dan nikmati potongan harga hingga 90 persen Grab Food  dan Grab Bike.',90,'YMIA914'),('NUIR2795','HEMAT30','Diskon ekstra 30 persen untuk pesan menu makanan GrabFood dan bepergian dengan GrabBike.',30,'WKJC576'),('NVUV5704','YUKPAKEGRAB','Kode promo Grab ini dan nikmati potongan harga hingga 90 persen Grab Food  dan Grab Bike.',90,'WXJU923'),('NYCK4633','GRABFBAE','Diskon GrabFood dan GrabBike dengan diskon hingga 40 persen.',40,'DIFN998'),('ODFI4049','GRABDAY','Nikmati potongan harga hingga 90 persen GrabBike dan GrabFood.',90,'JEIH190'),('ODVJ0814','HEMAT30','Diskon ekstra 30 persen untuk pesan menu makanan GrabFood dan bepergian dengan GrabBike.',30,'JDYF444'),('OEWN4983','COBAINGRAB','Diskon spesial 50 persen menggunakan kode promo GrabBike & GrabFood.',50,'PLGW598'),('OHKK3586','GRABHEMAT','Bepergian dan pesan makanan hemat hingga 90 persen.',90,'ZKNU798'),('OKYD9422','COBAINGRAB','Diskon spesial 50 persen menggunakan kode promo GrabBike & GrabFood.',50,'HPZU613'),('OMDF5490','HEMAT50','Diskon ekstra 50 persen untuk pesan makanan di GrabFood dan bepergian dengan GrabBike.',50,'INSL685'),('OOMK6407','HEMAT50','Diskon ekstra 50 persen untuk pesan makanan di GrabFood dan bepergian dengan GrabBike.',50,'ELQW728'),('OQBD4641','YUKPAKEGRAB','Kode promo Grab ini dan nikmati potongan harga hingga 90 persen Grab Food  dan Grab Bike.',90,'THBM438'),('OQRU9017','GRABFBAE','Diskon GrabFood dan GrabBike dengan diskon hingga 40 persen.',40,'OKQN924'),('OQYJ5266','YUKGRAB','Bepergian lebih hemat hingga 95 persen dengan promosi GrabBike dan GrabFood.',95,'SGBB470'),('OROB7322','YUKGRAB','Bepergian lebih hemat hingga 95 persen dengan promosi GrabBike dan GrabFood.',95,'GBFF561'),('OSPX9985','GRABFBAE','Diskon GrabFood dan GrabBike dengan diskon hingga 40 persen.',40,'XQSI082'),('OSRB2738','YUKPAKEGRAB','Kode promo Grab ini dan nikmati potongan harga hingga 90 persen Grab Food  dan Grab Bike.',90,'BUTI919'),('OSWG2441','HEMAT50','Diskon ekstra 50 persen untuk pesan makanan di GrabFood dan bepergian dengan GrabBike.',50,'UFIR326'),('OTYA0698','HEMAT30','Diskon ekstra 30 persen untuk pesan menu makanan GrabFood dan bepergian dengan GrabBike.',30,'QRRO443'),('OXEO9404','HEMAT50','Diskon ekstra 50 persen untuk pesan makanan di GrabFood dan bepergian dengan GrabBike.',50,'CTTV142'),('PANC6620','HEMAT50','Diskon ekstra 50 persen untuk pesan makanan di GrabFood dan bepergian dengan GrabBike.',50,'HGIF346'),('PARB8200','EKSTRAJALAN','Dapat diskon 99 persen untuk bepergian dengan Grab Bike dan pesan makanan dengan Grab Food.',99,'GBFF561'),('PBLT6961','EKSTRAJALAN','Dapat diskon 99 persen untuk bepergian dengan Grab Bike dan pesan makanan dengan Grab Food.',99,'VOUL231'),('PBMG5560','GRABFBAE','Diskon GrabFood dan GrabBike dengan diskon hingga 40 persen.',40,'UABJ805'),('PBXU9439','HEMAT30','Diskon ekstra 30 persen untuk pesan menu makanan GrabFood dan bepergian dengan GrabBike.',30,'ESTZ536'),('PCIQ8867','COBAINGRAB','Diskon spesial 50 persen menggunakan kode promo GrabBike & GrabFood.',50,'QUVI094'),('PDOX7708','HEMAT30','Diskon ekstra 30 persen untuk pesan menu makanan GrabFood dan bepergian dengan GrabBike.',30,'UQGX266'),('PEGZ1660','COBAINGRAB','Diskon spesial 50 persen menggunakan kode promo GrabBike & GrabFood.',50,'PVVX426'),('PFOU3029','GRABHEMAT','Bepergian dan pesan makanan hemat hingga 90 persen.',90,'HKAV558'),('PGKI7005','GRABHEMAT','Bepergian dan pesan makanan hemat hingga 90 persen.',90,'XWXW820'),('PHZH2053','GRABHEMAT','Bepergian dan pesan makanan hemat hingga 90 persen.',90,'PQFZ200'),('PJHC6094','HEMAT30','Diskon ekstra 30 persen untuk pesan menu makanan GrabFood dan bepergian dengan GrabBike.',30,'TUBQ661'),('PKPS3082','GRABHEMAT','Bepergian dan pesan makanan hemat hingga 90 persen.',90,'IGJE347'),('PLPB8201','COBAINGRAB','Diskon spesial 50 persen menggunakan kode promo GrabBike & GrabFood.',50,'QJNI726'),('PMGL1640','YUKGRAB','Bepergian lebih hemat hingga 95 persen dengan promosi GrabBike dan GrabFood.',95,'YQVZ203'),('PMQM6234','COBAINGRAB','Diskon spesial 50 persen menggunakan kode promo GrabBike & GrabFood.',50,'TJYQ826'),('POYE8930','HEMAT30','Diskon ekstra 30 persen untuk pesan menu makanan GrabFood dan bepergian dengan GrabBike.',30,'QMUN318'),('PPBH0745','EKSTRAJALAN','Dapat diskon 99 persen untuk bepergian dengan Grab Bike dan pesan makanan dengan Grab Food.',99,'EMWU303'),('PPPJ7715','HEMAT50','Diskon ekstra 50 persen untuk pesan makanan di GrabFood dan bepergian dengan GrabBike.',50,'ZSIM473'),('PRES8090','COBAINGRAB','Diskon spesial 50 persen menggunakan kode promo GrabBike & GrabFood.',50,'CJQY163'),('PROS9183','YUKPAKEGRAB','Kode promo Grab ini dan nikmati potongan harga hingga 90 persen Grab Food  dan Grab Bike.',90,'MBKU471'),('PSEI9005','HEMAT30','Diskon ekstra 30 persen untuk pesan menu makanan GrabFood dan bepergian dengan GrabBike.',30,'WCBY359'),('PUIZ3444','GRABFBAE','Diskon GrabFood dan GrabBike dengan diskon hingga 40 persen.',40,'PZKN297'),('PUWF9999','COBAINGRAB','Diskon spesial 50 persen menggunakan kode promo GrabBike & GrabFood.',50,'YMIA914'),('QAJH1252','COBAINGRAB','Diskon spesial 50 persen menggunakan kode promo GrabBike & GrabFood.',50,'FUZD051'),('QCXH2561','GRABHEMAT','Bepergian dan pesan makanan hemat hingga 90 persen.',90,'GKHH979'),('QHLL7356','GRABHEMAT','Bepergian dan pesan makanan hemat hingga 90 persen.',90,'QYSF155'),('QHMQ7641','EKSTRAJALAN','Dapat diskon 99 persen untuk bepergian dengan Grab Bike dan pesan makanan dengan Grab Food.',99,'XAFS613'),('QIKR2085','GRABDAY','Nikmati potongan harga hingga 90 persen GrabBike dan GrabFood.',90,'NVNC512'),('QKZT7155','GRABHEMAT','Bepergian dan pesan makanan hemat hingga 90 persen.',90,'AFJC315'),('QMFF4609','HEMAT50','Diskon ekstra 50 persen untuk pesan makanan di GrabFood dan bepergian dengan GrabBike.',50,'LSUJ408'),('QMLZ8502','COBAINGRAB','Diskon spesial 50 persen menggunakan kode promo GrabBike & GrabFood.',50,'PKXJ240'),('QNRV5413','YUKPAKEGRAB','Kode promo Grab ini dan nikmati potongan harga hingga 90 persen Grab Food  dan Grab Bike.',90,'PVVX426'),('QSSE7760','YUKGRAB','Bepergian lebih hemat hingga 95 persen dengan promosi GrabBike dan GrabFood.',95,'ZMHI379'),('QTQI7371','GRABDAY','Nikmati potongan harga hingga 90 persen GrabBike dan GrabFood.',90,'GIIQ862'),('QTVD8197','HEMAT30','Diskon ekstra 30 persen untuk pesan menu makanan GrabFood dan bepergian dengan GrabBike.',30,'SYCM229'),('QWXO2224','HEMAT30','Diskon ekstra 30 persen untuk pesan menu makanan GrabFood dan bepergian dengan GrabBike.',30,'TJYQ826'),('QXXF1190','GRABHEMAT','Bepergian dan pesan makanan hemat hingga 90 persen.',90,'NVNC512'),('QYXN1281','EKSTRAJALAN','Dapat diskon 99 persen untuk bepergian dengan Grab Bike dan pesan makanan dengan Grab Food.',99,'QKPP411'),('RAYJ0753','HEMAT30','Diskon ekstra 30 persen untuk pesan menu makanan GrabFood dan bepergian dengan GrabBike.',30,'PLGW598'),('RDFZ8792','YUKPAKEGRAB','Kode promo Grab ini dan nikmati potongan harga hingga 90 persen Grab Food  dan Grab Bike.',90,'TJYQ826'),('RGVQ1965','EKSTRAJALAN','Dapat diskon 99 persen untuk bepergian dengan Grab Bike dan pesan makanan dengan Grab Food.',99,'UXVE033'),('RHXA6781','GRABDAY','Nikmati potongan harga hingga 90 persen GrabBike dan GrabFood.',90,'IHIF614'),('RICP2148','HEMAT30','Diskon ekstra 30 persen untuk pesan menu makanan GrabFood dan bepergian dengan GrabBike.',30,'BQCG610'),('RILG7660','YUKPAKEGRAB','Kode promo Grab ini dan nikmati potongan harga hingga 90 persen Grab Food  dan Grab Bike.',90,'QRRO443'),('RJBT3179','EKSTRAJALAN','Dapat diskon 99 persen untuk bepergian dengan Grab Bike dan pesan makanan dengan Grab Food.',99,'GJMU404'),('RJNC0584','GRABHEMAT','Bepergian dan pesan makanan hemat hingga 90 persen.',90,'XZFT108'),('RPMP9968','GRABFBAE','Diskon GrabFood dan GrabBike dengan diskon hingga 40 persen.',40,'TVCQ911'),('RTUC1414','GRABHEMAT','Bepergian dan pesan makanan hemat hingga 90 persen.',90,'UCRV655'),('RVRU1738','GRABHEMAT','Bepergian dan pesan makanan hemat hingga 90 persen.',90,'PZKN297'),('RXKX3182','GRABFBAE','Diskon GrabFood dan GrabBike dengan diskon hingga 40 persen.',40,'OYHI263'),('RYGI2078','HEMAT50','Diskon ekstra 50 persen untuk pesan makanan di GrabFood dan bepergian dengan GrabBike.',50,'FCNY055'),('RZYV1326','YUKGRAB','Bepergian lebih hemat hingga 95 persen dengan promosi GrabBike dan GrabFood.',95,'OQDC762'),('RZZE8400','HEMAT50','Diskon ekstra 50 persen untuk pesan makanan di GrabFood dan bepergian dengan GrabBike.',50,'RDOA469'),('SCVA6542','GRABFBAE','Diskon GrabFood dan GrabBike dengan diskon hingga 40 persen.',40,'YBAK787'),('SDNL2049','HEMAT30','Diskon ekstra 30 persen untuk pesan menu makanan GrabFood dan bepergian dengan GrabBike.',30,'XIUC297'),('SDXV7455','YUKGRAB','Bepergian lebih hemat hingga 95 persen dengan promosi GrabBike dan GrabFood.',95,'VWMW126'),('SEZM4561','EKSTRAJALAN','Dapat diskon 99 persen untuk bepergian dengan Grab Bike dan pesan makanan dengan Grab Food.',99,'LCFT522'),('SGNX4316','EKSTRAJALAN','Dapat diskon 99 persen untuk bepergian dengan Grab Bike dan pesan makanan dengan Grab Food.',99,'UOYS050'),('SHPI6979','GRABFBAE','Diskon GrabFood dan GrabBike dengan diskon hingga 40 persen.',40,'OMYO957'),('SMPK4678','GRABDAY','Nikmati potongan harga hingga 90 persen GrabBike dan GrabFood.',90,'KFEC215'),('SMTB7116','COBAINGRAB','Diskon spesial 50 persen menggunakan kode promo GrabBike & GrabFood.',50,'MLZD377'),('SORE4946','YUKGRAB','Bepergian lebih hemat hingga 95 persen dengan promosi GrabBike dan GrabFood.',95,'SDYT606'),('SPQY0850','YUKGRAB','Bepergian lebih hemat hingga 95 persen dengan promosi GrabBike dan GrabFood.',95,'SRWX558'),('SRRL4945','HEMAT50','Diskon ekstra 50 persen untuk pesan makanan di GrabFood dan bepergian dengan GrabBike.',50,'EMWU303'),('SSYE0602','YUKGRAB','Bepergian lebih hemat hingga 95 persen dengan promosi GrabBike dan GrabFood.',95,'YSJQ675'),('STSK4586','GRABHEMAT','Bepergian dan pesan makanan hemat hingga 90 persen.',90,'GLAC982'),('STVL6130','HEMAT30','Diskon ekstra 30 persen untuk pesan menu makanan GrabFood dan bepergian dengan GrabBike.',30,'LNWT727'),('SVAU6432','GRABDAY','Nikmati potongan harga hingga 90 persen GrabBike dan GrabFood.',90,'IJTG903'),('SVEK4896','COBAINGRAB','Diskon spesial 50 persen menggunakan kode promo GrabBike & GrabFood.',50,'NQBV627'),('SXZJ2541','EKSTRAJALAN','Dapat diskon 99 persen untuk bepergian dengan Grab Bike dan pesan makanan dengan Grab Food.',99,'NRTA024'),('SZDQ2658','EKSTRAJALAN','Dapat diskon 99 persen untuk bepergian dengan Grab Bike dan pesan makanan dengan Grab Food.',99,'UFIR326'),('TBEP2895','YUKPAKEGRAB','Kode promo Grab ini dan nikmati potongan harga hingga 90 persen Grab Food  dan Grab Bike.',90,'LHON581'),('TFLQ2615','GRABFBAE','Diskon GrabFood dan GrabBike dengan diskon hingga 40 persen.',40,'WZZH018'),('TIXP5151','GRABFBAE','Diskon GrabFood dan GrabBike dengan diskon hingga 40 persen.',40,'KFEC215'),('TJBS6734','GRABFBAE','Diskon GrabFood dan GrabBike dengan diskon hingga 40 persen.',40,'XWXW820'),('TKYM6167','HEMAT30','Diskon ekstra 30 persen untuk pesan menu makanan GrabFood dan bepergian dengan GrabBike.',30,'ZAUY994'),('TMIG9968','YUKGRAB','Bepergian lebih hemat hingga 95 persen dengan promosi GrabBike dan GrabFood.',95,'JTQN184'),('TNXZ6697','COBAINGRAB','Diskon spesial 50 persen menggunakan kode promo GrabBike & GrabFood.',50,'QMUN318'),('TPCE3837','COBAINGRAB','Diskon spesial 50 persen menggunakan kode promo GrabBike & GrabFood.',50,'OEBO514'),('TPVJ5465','YUKPAKEGRAB','Kode promo Grab ini dan nikmati potongan harga hingga 90 persen Grab Food  dan Grab Bike.',90,'ZAUY994'),('TTFA0109','GRABDAY','Nikmati potongan harga hingga 90 persen GrabBike dan GrabFood.',90,'YAWJ238'),('TWDN7901','HEMAT30','Diskon ekstra 30 persen untuk pesan menu makanan GrabFood dan bepergian dengan GrabBike.',30,'ZRDJ806'),('UAOV0626','GRABFBAE','Diskon GrabFood dan GrabBike dengan diskon hingga 40 persen.',40,'IOQT632'),('UBGS5421','GRABDAY','Nikmati potongan harga hingga 90 persen GrabBike dan GrabFood.',90,'HKAV558'),('UBLK0748','HEMAT30','Diskon ekstra 30 persen untuk pesan menu makanan GrabFood dan bepergian dengan GrabBike.',30,'LVFO993'),('UDHN8350','HEMAT50','Diskon ekstra 50 persen untuk pesan makanan di GrabFood dan bepergian dengan GrabBike.',50,'IRQC713'),('UDPO3431','YUKGRAB','Bepergian lebih hemat hingga 95 persen dengan promosi GrabBike dan GrabFood.',95,'RDOA469'),('UFAG8521','COBAINGRAB','Diskon spesial 50 persen menggunakan kode promo GrabBike & GrabFood.',50,'JSYE116'),('UFMK9642','HEMAT30','Diskon ekstra 30 persen untuk pesan menu makanan GrabFood dan bepergian dengan GrabBike.',30,'BUTI919'),('UHOC7201','HEMAT30','Diskon ekstra 30 persen untuk pesan menu makanan GrabFood dan bepergian dengan GrabBike.',30,'KJAO176'),('UJCD4892','HEMAT50','Diskon ekstra 50 persen untuk pesan makanan di GrabFood dan bepergian dengan GrabBike.',50,'YGLE819'),('UMQE5987','HEMAT30','Diskon ekstra 30 persen untuk pesan menu makanan GrabFood dan bepergian dengan GrabBike.',30,'HPZU613'),('UNAD0276','HEMAT30','Diskon ekstra 30 persen untuk pesan menu makanan GrabFood dan bepergian dengan GrabBike.',30,'QZFZ770'),('UOKU0096','EKSTRAJALAN','Dapat diskon 99 persen untuk bepergian dengan Grab Bike dan pesan makanan dengan Grab Food.',99,'ZMHI379'),('UVBH6144','HEMAT50','Diskon ekstra 50 persen untuk pesan makanan di GrabFood dan bepergian dengan GrabBike.',50,'GBFF561'),('UXVA7688','COBAINGRAB','Diskon spesial 50 persen menggunakan kode promo GrabBike & GrabFood.',50,'BVMK218'),('VCGA7679','COBAINGRAB','Diskon spesial 50 persen menggunakan kode promo GrabBike & GrabFood.',50,'RFXJ940'),('VDFO5369','COBAINGRAB','Diskon spesial 50 persen menggunakan kode promo GrabBike & GrabFood.',50,'MBKU471'),('VDTH2005','GRABDAY','Nikmati potongan harga hingga 90 persen GrabBike dan GrabFood.',90,'GLAC982'),('VFIZ8513','EKSTRAJALAN','Dapat diskon 99 persen untuk bepergian dengan Grab Bike dan pesan makanan dengan Grab Food.',99,'PWCI132'),('VFKB7362','YUKGRAB','Bepergian lebih hemat hingga 95 persen dengan promosi GrabBike dan GrabFood.',95,'PQRA160'),('VJJL6699','GRABHEMAT','Bepergian dan pesan makanan hemat hingga 90 persen.',90,'EBVW297'),('VOSN3984','YUKGRAB','Bepergian lebih hemat hingga 95 persen dengan promosi GrabBike dan GrabFood.',95,'EMWU303'),('VOZU6836','YUKGRAB','Bepergian lebih hemat hingga 95 persen dengan promosi GrabBike dan GrabFood.',95,'HGIF346'),('VSKR5482','YUKGRAB','Bepergian lebih hemat hingga 95 persen dengan promosi GrabBike dan GrabFood.',95,'DMVA129'),('VULT0057','GRABFBAE','Diskon GrabFood dan GrabBike dengan diskon hingga 40 persen.',40,'WDHO029'),('VXGJ9037','GRABHEMAT','Bepergian dan pesan makanan hemat hingga 90 persen.',90,'YDOQ175'),('WCUR2406','YUKGRAB','Bepergian lebih hemat hingga 95 persen dengan promosi GrabBike dan GrabFood.',95,'DLKM834'),('WGKU6421','GRABDAY','Nikmati potongan harga hingga 90 persen GrabBike dan GrabFood.',90,'THEY103'),('WIFT8268','HEMAT50','Diskon ekstra 50 persen untuk pesan makanan di GrabFood dan bepergian dengan GrabBike.',50,'SDYT606'),('WMLA9484','COBAINGRAB','Diskon spesial 50 persen menggunakan kode promo GrabBike & GrabFood.',50,'DTGW086'),('WMST9042','EKSTRAJALAN','Dapat diskon 99 persen untuk bepergian dengan Grab Bike dan pesan makanan dengan Grab Food.',99,'PTBJ509'),('WODP3206','COBAINGRAB','Diskon spesial 50 persen menggunakan kode promo GrabBike & GrabFood.',50,'QRRO443'),('WQDT4212','YUKPAKEGRAB','Kode promo Grab ini dan nikmati potongan harga hingga 90 persen Grab Food  dan Grab Bike.',90,'JSYE116'),('WQMU6432','GRABFBAE','Diskon GrabFood dan GrabBike dengan diskon hingga 40 persen.',40,'XZFT108'),('WRGF7942','GRABDAY','Nikmati potongan harga hingga 90 persen GrabBike dan GrabFood.',90,'ENTN711'),('WUKM7070','GRABDAY','Nikmati potongan harga hingga 90 persen GrabBike dan GrabFood.',90,'UCRV655'),('WVTU9424','YUKGRAB','Bepergian lebih hemat hingga 95 persen dengan promosi GrabBike dan GrabFood.',95,'ANUX468'),('WVXU8174','GRABFBAE','Diskon GrabFood dan GrabBike dengan diskon hingga 40 persen.',40,'GLAC982'),('XAIP0851','GRABHEMAT','Bepergian dan pesan makanan hemat hingga 90 persen.',90,'WIFD346'),('XCNO1498','COBAINGRAB','Diskon spesial 50 persen menggunakan kode promo GrabBike & GrabFood.',50,'WKJC576'),('XGPI2826','HEMAT50','Diskon ekstra 50 persen untuk pesan makanan di GrabFood dan bepergian dengan GrabBike.',50,'OQDC762'),('XJCO4272','YUKPAKEGRAB','Kode promo Grab ini dan nikmati potongan harga hingga 90 persen Grab Food  dan Grab Bike.',90,'QZFZ770'),('XJSK2746','HEMAT50','Diskon ekstra 50 persen untuk pesan makanan di GrabFood dan bepergian dengan GrabBike.',50,'ZEHO059'),('XJYK9429','YUKPAKEGRAB','Kode promo Grab ini dan nikmati potongan harga hingga 90 persen Grab Food  dan Grab Bike.',90,'PKXJ240'),('XOQC0440','GRABHEMAT','Bepergian dan pesan makanan hemat hingga 90 persen.',90,'YHOY181'),('XPTX8128','COBAINGRAB','Diskon spesial 50 persen menggunakan kode promo GrabBike & GrabFood.',50,'KMCK316'),('XPVW3612','EKSTRAJALAN','Dapat diskon 99 persen untuk bepergian dengan Grab Bike dan pesan makanan dengan Grab Food.',99,'DLKM834'),('XQIT0817','GRABFBAE','Diskon GrabFood dan GrabBike dengan diskon hingga 40 persen.',40,'BZWZ474'),('XQMG6593','HEMAT30','Diskon ekstra 30 persen untuk pesan menu makanan GrabFood dan bepergian dengan GrabBike.',30,'CJQY163'),('XTNF7951','YUKGRAB','Bepergian lebih hemat hingga 95 persen dengan promosi GrabBike dan GrabFood.',95,'UROP328'),('XTXC9246','COBAINGRAB','Diskon spesial 50 persen menggunakan kode promo GrabBike & GrabFood.',50,'MKUU863'),('XVSM4340','COBAINGRAB','Diskon spesial 50 persen menggunakan kode promo GrabBike & GrabFood.',50,'CMXF360'),('XXVA3330','HEMAT30','Diskon ekstra 30 persen untuk pesan menu makanan GrabFood dan bepergian dengan GrabBike.',30,'CMXF360'),('XYTL2329','GRABDAY','Nikmati potongan harga hingga 90 persen GrabBike dan GrabFood.',90,'JPRE579'),('YADN9534','YUKGRAB','Bepergian lebih hemat hingga 95 persen dengan promosi GrabBike dan GrabFood.',95,'JAQP228'),('YAQS2143','GRABHEMAT','Bepergian dan pesan makanan hemat hingga 90 persen.',90,'UPRD170'),('YBIV8669','YUKPAKEGRAB','Kode promo Grab ini dan nikmati potongan harga hingga 90 persen Grab Food  dan Grab Bike.',90,'QJNI726'),('YCDG3454','COBAINGRAB','Diskon spesial 50 persen menggunakan kode promo GrabBike & GrabFood.',50,'ISUV370'),('YPHV8542','HEMAT30','Diskon ekstra 30 persen untuk pesan menu makanan GrabFood dan bepergian dengan GrabBike.',30,'WCEJ484'),('YRME4385','YUKGRAB','Bepergian lebih hemat hingga 95 persen dengan promosi GrabBike dan GrabFood.',95,'FPSI963'),('YSOH0400','GRABDAY','Nikmati potongan harga hingga 90 persen GrabBike dan GrabFood.',90,'PGGX770'),('YSSJ7960','HEMAT30','Diskon ekstra 30 persen untuk pesan menu makanan GrabFood dan bepergian dengan GrabBike.',30,'KMCK316'),('YTAN6210','GRABFBAE','Diskon GrabFood dan GrabBike dengan diskon hingga 40 persen.',40,'GIIQ862'),('YUDD4505','YUKGRAB','Bepergian lebih hemat hingga 95 persen dengan promosi GrabBike dan GrabFood.',95,'VOUL231'),('YUSV4723','GRABHEMAT','Bepergian dan pesan makanan hemat hingga 90 persen.',90,'GHWO440'),('YVTO9022','HEMAT30','Diskon ekstra 30 persen untuk pesan menu makanan GrabFood dan bepergian dengan GrabBike.',30,'MKUU863'),('YWKC1287','COBAINGRAB','Diskon spesial 50 persen menggunakan kode promo GrabBike & GrabFood.',50,'PAOX372'),('YYNT8094','GRABFBAE','Diskon GrabFood dan GrabBike dengan diskon hingga 40 persen.',40,'TFBK567'),('ZCFI4240','YUKPAKEGRAB','Kode promo Grab ini dan nikmati potongan harga hingga 90 persen Grab Food  dan Grab Bike.',90,'OEBO514'),('ZGWI9795','GRABFBAE','Diskon GrabFood dan GrabBike dengan diskon hingga 40 persen.',40,'TAUU578'),('ZHEK9182','GRABHEMAT','Bepergian dan pesan makanan hemat hingga 90 persen.',90,'NDLU607'),('ZOGN5260','COBAINGRAB','Diskon spesial 50 persen menggunakan kode promo GrabBike & GrabFood.',50,'LVFO993'),('ZTTT7058','GRABDAY','Nikmati potongan harga hingga 90 persen GrabBike dan GrabFood.',90,'BZWZ474'),('ZTTV4852','GRABFBAE','Diskon GrabFood dan GrabBike dengan diskon hingga 40 persen.',40,'PQFZ200'),('ZTYR7664','HEMAT50','Diskon ekstra 50 persen untuk pesan makanan di GrabFood dan bepergian dengan GrabBike.',50,'AMUY358'),('ZUYU0358','GRABHEMAT','Bepergian dan pesan makanan hemat hingga 90 persen.',90,'OKQN924'),('ZVHO0012','HEMAT50','Diskon ekstra 50 persen untuk pesan makanan di GrabFood dan bepergian dengan GrabBike.',50,'LCFT522'),('ZVYB6657','GRABDAY','Nikmati potongan harga hingga 90 persen GrabBike dan GrabFood.',90,'PZKN297'),('ZWJP2051','HEMAT30','Diskon ekstra 30 persen untuk pesan menu makanan GrabFood dan bepergian dengan GrabBike.',30,'RFXJ940'),('ZXLF0851','EKSTRAJALAN','Dapat diskon 99 persen untuk bepergian dengan Grab Bike dan pesan makanan dengan Grab Food.',99,'UROP328'),('ZZMW4138','GRABFBAE','Diskon GrabFood dan GrabBike dengan diskon hingga 40 persen.',40,'PMHU386'),('ZZUF4395','GRABFBAE','Diskon GrabFood dan GrabBike dengan diskon hingga 40 persen.',40,'AFJC315');
/*!40000 ALTER TABLE `promo` ENABLE KEYS */;
UNLOCK TABLES;

--
-- Table structure for table `restoran`
--

DROP TABLE IF EXISTS `restoran`;
/*!40101 SET @saved_cs_client     = @@character_set_client */;
/*!50503 SET character_set_client = utf8mb4 */;
CREATE TABLE `restoran` (
  `id_resto` varchar(50) NOT NULL,
  `nama_resto` varchar(50) CHARACTER SET utf8mb4 COLLATE utf8mb4_0900_ai_ci NOT NULL,
  `alamat_resto` varchar(50) CHARACTER SET utf8mb4 COLLATE utf8mb4_0900_ai_ci NOT NULL,
  `jam_buka` varchar(50) CHARACTER SET utf8mb4 COLLATE utf8mb4_0900_ai_ci NOT NULL,
  `jam_tutup` varchar(50) CHARACTER SET utf8mb4 COLLATE utf8mb4_0900_ai_ci NOT NULL,
  PRIMARY KEY (`id_resto`)
) ENGINE=InnoDB DEFAULT CHARSET=utf8mb4 COLLATE=utf8mb4_0900_ai_ci;
/*!40101 SET character_set_client = @saved_cs_client */;

--
-- Dumping data for table `restoran`
--

LOCK TABLES `restoran` WRITE;
/*!40000 ALTER TABLE `restoran` DISABLE KEYS */;
INSERT INTO `restoran` VALUES ('AA79','Shiny Tea','Jl. Babakan Jeruk VIII','9:33','23:06'),('AH42','Reddog','Jl. Boulevard Raya Ruko RGB No.21','9:01','22:09'),('AQ24','Gyu-kaku','Jl. Parangtritis No.100','9:15','21:52'),('AX10','Starbucks','Jl. Tegal Gendu No.28','9:49','22:30'),('AX39','Shukaku','Jl. Agus Salim No.11','9:42','23:31'),('AY61','OJJU','Jl. Cibitung IV No.32','9:44','22:57'),('BB73','Kintan Buffet','Jl. Benteng Jaya No.22','9:14','23:44'),('BI12','Solaria','Jl. Gelap Nyawang No.12','9:38','23:42'),('BL60','Dough Deli','Jl. A.Yani No.1','9:35','23:10'),('BQ64','Bakmi Tjokin','Jl. Sederhana No.83','9:45','21:40'),('BQ86','Madalangu','Jl. Pajajaran Indah V No.37','9:34','21:16'),('BR77','Pizza Place','Jl. R.A Kartini No.12','9:12','21:09'),('CM00','Ayam Bungsu','Jl. Dr. Otten No.1','9:58','22:18'),('CQ78','Ayam SPG','Jl. Kh. Soleh Ali No.99','9:59','22:42'),('CR14','Warung Pasta','Jl. Tole Iskandar No.33','9:20','23:53'),('CR30','Shukaku','Jl. H. Wasid No.11','9:45','21:48'),('CZ19','Street Boba','Jl. Bumi No.34','9:28','23:18'),('DB20','Martabak Legit','Jl. Rinjani No.1','9:00','21:06'),('DL78','J.CO Donuts & Coffee','Jl. Diponegoro No.215','9:25','22:08'),('DT88','Dough Dina','Jl. Bina Marga I No.12','9:17','23:20'),('DU97','Auntie Anne\'s','Jl. Mochammad Yamin No.113','9:50','22:42'),('EE04','Mie Naripan','Jl. Bulevar Utara No.2','9:36','22:31'),('EK83','Mandu Mami','Jl. Bintaro Utara No.7','9:06','23:18'),('EP66','Wanda\'s Club','Jl. Dipati Ukur No.21','9:59','21:31'),('EW57','Texas Chicken','Jl. Sunda No.60','9:30','21:19'),('FE75','Bakerzin','Jl. Siliwangi No.38A','9:32','22:40'),('FF96','Bakmi Tjokin','Jl. Margonda Raya No.518','9:23','22:48'),('FG25','TrafficBun','Jl. Kemakmuran No.45','9:14','22:39'),('FI24','Rich Burger','Jl. Pajajaran No.21','9:00','21:45'),('FT51','ElBurger','Jl. Pajajaran Indah V No.37','9:26','21:08'),('GA70','Butter Toast','Jl. Tole Iskandar No.33','9:27','22:58'),('GK32','ShuShu','Jl. Parangtritis No.100','9:07','22:05'),('GN26','Prive','Jl. Akses UI No.2','9:00','22:42'),('HM85','Starbucks','Jl. Mayor Jend. D.I. Panjaitan No.19','9:38','22:34'),('HS79','Hakuya Beef Bowl','Jl. Pajajaran Indah V No.37','9:33','22:17'),('ID50','Shiny Tea','Jl. Sumber Sari Indah No.34','9:02','23:35'),('IG13','Crepe Siganture','Jl. Kahuripan No.3','9:33','21:26'),('II13','Kore Doughnuts','Jl. Lombok No.45','9:31','23:41'),('IK02','Baskin Robbins','Jl. Cikatomas 1 No.36','9:37','23:33'),('IO22','Byurger','Jl. Akses UI No.2','9:53','22:51'),('IS03','Dream Dates','Jl. Dr. Setiabudi No.45','9:14','22:43'),('IX16','Mandu Mami','JL. Embong Malang No. 85-89','9:58','22:55'),('IX77','Pizza Place','Jl. Cihampelas No.160','9:00','22:49'),('IZ46','Byurger','Jl. M.H. Thamrin No. 1','9:35','21:07'),('JB27','Kopi Kenangan','Jl. Tegal Gendu No.28','9:33','21:30'),('JF11','Mie Ayam Aldo','Jalan RE.Martadinata No. 17-21','9:43','22:45'),('JV49','Kopi Lain Hati','Jl. Boscha No.8','9:38','21:07'),('JX67','Kabobs','Jl. Siliwangi No.38A','9:01','22:44'),('JX86','Rich Burger','Jl. Pasirkoja No.22','9:27','23:31'),('JZ19','Byurger','Jl. Dharmawangsa Raya No.6','9:13','22:43'),('KB99','Bakerzin','Jl. Pasir Kaliki No.106','9:21','22:38'),('KF91','KOI The','Jl. Kombes Pol. Moh. Duryat No.27','9:06','23:17'),('KW79','Auntie Anne\'s','Jl. Himalaya VE 4-5 No.12','9:57','21:16'),('KY71','Upnormal','Jl. Buah Batu No.173','9:36','23:40'),('LA72','Tea Amo','Jl. Kejaksaan No.5','9:41','23:12'),('LM16','Dimsum 9 Ayam','Jl Setia Budi Selatan No 7','9:47','22:20'),('LP82','Kopi Toko Djawa','Jl. Parangtritis No.100','9:17','22:40'),('MB63','Shitako Takoyaki','Jl. Sederhana No.83','9:25','23:11'),('MC47','Kaneel Cafe','Jl. Pajajaran No.69','9:46','21:59'),('MF99','Street Boba','Jl. Moh. Suyudi No.48','9:51','23:17'),('MH94','Solaria','Jl. Wijaya II No.46','9:13','23:20'),('MI42','Mie Baso Akung','Jl. Letjen S. Parman No.28','9:37','21:04'),('MJ55','SaladStop!','Jl. Kartini L No.11K','9:15','21:17'),('MP40','Dough Dina','Jl. Pajajaran No.69','9:32','21:53'),('MR20','Kue Pancong','Jl. Sumber Sari Indah No.34','9:05','22:20'),('MR99','Social House','Jl. Belakang Factory No.23','9:03','23:17'),('MT65','Sari-sari','Jl. Zainul Arifin No.62','9:20','23:38'),('ND73','Xi-Boba','Jl. Gajahmada No.99D','9:55','22:03'),('NE89','Martabak Adil','Jl. Ciumbuleuit No.61','9:27','21:30'),('NF80','Rich Burger','Jl. Kesehatan Raya No.28','9:24','21:18'),('NG26','Cantina','Jl. Himalaya VE 4-5 No.12','9:24','21:09'),('NN86','ONO Kebab','Jl. Benteng Jaya No.22','9:09','22:55'),('NS18','Baskin Robbins','Jl. Pakuan No.3','9:40','23:51'),('NU61','Bakmi GM','Jl. Bromo No.44','9:10','23:52'),('NW09','Flash Coffee','Jl. Buah Batu No.173','9:58','23:54'),('NW37','Kumari','Jalan Muhammad Husni Thamrin Blok FG12 No.43','9:24','21:09'),('OB25','Solaria','Jl. Magangan Kulon No.1','9:36','22:33'),('OD37','Bakerzin','Jl. Agus Salim No.11','9:17','21:46'),('OG66','Sate Padang Pak Mus','Jl. Taman Pramuka No.171','9:07','23:11'),('OK17','ElBurger','Jl. Sumber Sari Indah No.34','9:12','21:10'),('OZ57','Kopiteria','Jl. Sekeloa Gg. Kubang Sari VII No.37','9:58','21:51'),('OZ93','Kabobs','Jl. Bintaro Utara No.7','9:28','22:09'),('PA11','Solaria','Jl. Kejaksaan No.5','9:12','21:19'),('PN66','Teguk','Jl. KH Hasyim Ashari No.67','9:39','21:35'),('PS95','Kopi Kenangan','Jl. Atmodirono I No.24','9:03','23:21'),('PU57','Menantea','Jl. Kh. Soleh Ali No.99','9:32','21:45'),('PX38','Mixue','Jl. Mayor Jend. D.I. Panjaitan No.19','9:44','22:13'),('PZ43','SaladStop!','Jl. Bina Marga I No.12','9:46','23:01'),('QA50','Jardin Cafe','Jl. Dharmawangsa Raya No.6','9:13','23:26'),('QA53','ONO Kebab','Jl. Lengkong Besar No.97','9:41','23:12'),('QB93','Dough Deli','Jl. Lombok No.45','9:31','21:32'),('QM24','Street Boba','Jl. KH Hasyim Ashari No.67','9:18','21:19'),('QM37','Solaria','Jl. Taman Beringin No.3','9:29','21:27'),('QT57','Xing Fu Tang','Jl. H. Agus Salim No.128','9:52','23:12'),('RB01','Ambrogio','Jl. Pahlawan No.83','9:53','23:50'),('RI55','Crepe Siganture','Jl. Tole Iskandar No.33','9:21','22:55'),('RL28','Rich Burger','Jl. Sukamanah No.302/8a','9:09','22:08'),('RP08','Reddog','Jl. Boscha No.8','9:42','23:42'),('RT19','Orbital','Jl. Cempaka Putih Raya No.17','9:02','21:01'),('RU93','Koppi','Jl. Magangan Kulon No.1','9:24','22:35'),('RY00','Warung Pasta','Jl.Tabanan No.4','9:45','23:53'),('RY20','Belammie','Jl. A.Yani No.1','9:08','21:37'),('SI12','Auntie Anne\'s','Jl. Pajajaran No.69','9:20','22:21'),('SL60','Montato','Jl. Airlangga No.43','9:58','22:17'),('SU59','ONO Kebab','Jl.Tabanan No.4','9:20','23:38'),('TC48','Mike Pizza','Jl. Cipete Raya No.4B','9:49','22:27'),('TH25','Jurnslisa Coffe','Jl. Wijaya Kusuma No.183','9:23','23:15'),('TJ41','Amo Pizza','Jl. Bina Marga I No.12','9:16','22:38'),('TR38','Dream Dates','Jl. Imam Bonjol No.114A','9:58','23:38'),('TU57','Fore','Jl. K.H. Mas Mansyur No.24','9:00','22:37'),('TV12','Mie Ayam Aldo','Jl. Airlangga No.43','9:11','22:32'),('TX16','Dino Donnuts','Jl. Pasir Kaliki No.185-189','9:28','23:14'),('TZ93','Re.Juve','Jl. Moh. Suyudi No.48','9:35','21:09'),('UE62','Lahuza Bakery','Jl. Pantai Indah No.7','9:02','21:02'),('UF57','Hakuya Beef Bowl','Jl. Bintaro Utara No.7','9:33','22:13'),('UI33','TrafficBun','Jl. Pakuan No.3','9:40','21:51'),('UJ85','Kore Doughnuts','Jl. Pajajaran No.21','9:54','23:56'),('UP59','Kue Balok','Jl. Taman Pramuka No.171','9:37','23:34'),('UR43','Hot Chick','Jl. H. Agus Salim No.128','9:54','22:15'),('UW08','Puyo Silky Dessert','Jl. Setia Budi Tengah No.11','9:09','21:21'),('UY14','D\'Kebuli','Jl. Brigjen Katamso No.1','9:08','23:33'),('VC00','Shinimari','Jl. KH Hasyim Ashari No.67','9:32','23:09'),('VF12','Soes Surgawi','Jl. Babakan Jeruk VIII','9:14','22:42'),('VF40','The Roast Duck','Jl. Diponegoro No.215','9:14','23:37'),('VI77','Mangkok Manis','Jl.Tabanan No.4','9:42','22:02'),('VQ12','Kaneel Cafe','Jl. Taman Pramuka No.171','9:38','22:29'),('VV60','Geprek Bensu','Jl. Sukamanah No.302/8a','9:46','22:13'),('VW55','Beken Mirae','Jl. Dr. Setiabudi No.45','9:03','21:32'),('WI58','Sambal Bakar Mang Ujang','Jl. Sultan Agung No.81','9:02','23:45'),('WM46','Bakmi GM','Jl. Kepatihan No.7','9:24','22:27'),('XD76','Mangkok Manis','Jl. Marsekal Suryadarma No.28','9:54','22:34'),('XE97','Jardin Cafe','Jl. Sholeh Iskandar No.9','9:36','22:43'),('XG11','Koppi','Jl. Raya Pekayon No.150','9:06','23:15'),('XJ82','Montato','Jl. R.A Kartini No.12','9:59','23:37'),('XS21','Punclut','Jl. Rotowijayan No.5','9:11','21:37'),('XU30','Hot Chick','JL. Embong Malang No. 85-89','9:21','21:39'),('XV89','OJJU','Jl. Pasirkoja No.22','9:08','21:05'),('YC26','RM Ampera','Jl. Sukamanah No.302/8a','9:28','21:45'),('YE69','Kopi Kenangan','Jl. Nyimas Melati No.A2','9:52','22:01'),('YW89','Solaria','Jl. Muararajeun Lama No. 25','9:49','21:57'),('YZ58','D\'Kebuli','Jl. Lombok No.45','9:56','23:15'),('ZA25','Hot Chick','Jl. Benteng Jaya No.22','9:50','23:26'),('ZC50','Truffle Belly','Jl. Setia Budi Tengah No.11','9:54','23:56'),('ZF68','Public Space','Jl. Batu Tulis Raya No.45','9:57','23:35'),('ZH20','Kore Doughnuts','Jl. Marsekal Suryadarma No.82','9:52','21:20'),('ZL31','Cap Dangu','Jl. Dr. Cipto No.8','9:44','21:59'),('ZL96','Starbucks','Jl. Sukamanah No.302/8a','9:51','22:44'),('ZM44','Cereal Box','Jl. DI Panjaitan No.39','9:40','21:19'),('ZN66','Mister Donut','Jalan Muhammad Husni Thamrin Blok FG12 No.43','9:35','23:43'),('ZQ75','Tea Amo','Jl. Benteng Jaya No.22','9:29','22:47');
/*!40000 ALTER TABLE `restoran` ENABLE KEYS */;
UNLOCK TABLES;

--
-- Dumping routines for database 'ngdj7fdozrsk7qyl'
--
SET @@SESSION.SQL_LOG_BIN = @MYSQLDUMP_TEMP_LOG_BIN;
/*!40103 SET TIME_ZONE=@OLD_TIME_ZONE */;

/*!40101 SET SQL_MODE=@OLD_SQL_MODE */;
/*!40014 SET FOREIGN_KEY_CHECKS=@OLD_FOREIGN_KEY_CHECKS */;
/*!40014 SET UNIQUE_CHECKS=@OLD_UNIQUE_CHECKS */;
/*!40101 SET CHARACTER_SET_CLIENT=@OLD_CHARACTER_SET_CLIENT */;
/*!40101 SET CHARACTER_SET_RESULTS=@OLD_CHARACTER_SET_RESULTS */;
/*!40101 SET COLLATION_CONNECTION=@OLD_COLLATION_CONNECTION */;
/*!40111 SET SQL_NOTES=@OLD_SQL_NOTES */;

-- Dump completed on 2022-11-11 20:46:22
